Traj,month,mean_chl,month_chl
40,1,NA,NA
40,2,NA,0.6813164425819027
40,3,0.20531949253558224,0.32650028005326726
40,4,0.2669599233959024,0.7029137378546167
40,5,1.3979002709792798,1.625013850756798
40,6,2.835471990163369,1.496015957335687
40,7,1.6497991402031256,0.8059560029313729
40,8,1.6768920379418593,0.7756683637880832
40,9,2.0004041306439,1.034357252866598
40,10,NA,1.0297957742784096
58,1,NA,NA
58,2,NA,0.6813164425819027
58,3,0.2020520671709057,0.32650028005326726
58,4,0.2540583311258368,0.7029137378546167
58,5,1.5469386939202492,1.625013850756798
58,6,2.757099472414488,1.496015957335687
58,7,1.6274841553286503,0.8059560029313729
58,8,1.8047678625959755,0.7756683637880832
58,9,2.1704220963352796,1.034357252866598
58,10,NA,1.0297957742784096
70,1,NA,NA
70,2,NA,0.6813164425819027
70,3,0.20417390975423835,0.32650028005326726
70,4,0.34896263936914834,0.7029137378546167
70,5,2.1015863293646007,1.625013850756798
70,6,1.7763143280064464,1.496015957335687
70,7,0.4900306446292389,0.8059560029313729
70,8,0.6714639410154143,0.7756683637880832
70,9,1.254173925491951,1.034357252866598
70,10,NA,1.0297957742784096
75,1,NA,NA
75,2,NA,0.6813164425819027
75,3,0.1438689768031428,0.32650028005326726
75,4,0.2172794845436332,0.7029137378546167
75,5,0.514099665156876,1.625013850756798
75,6,2.0740086167587517,1.496015957335687
75,7,2.2838224847223985,0.8059560029313729
75,8,1.53496721714116,0.7756683637880832
75,9,1.9363131011167665,1.034357252866598
75,10,NA,1.0297957742784096
81,1,NA,NA
81,2,NA,0.6813164425819027
81,3,0.20889495367684016,0.32650028005326726
81,4,0.26037555577235477,0.7029137378546167
81,5,1.9344969533871268,1.625013850756798
81,6,2.442243188474708,1.496015957335687
81,7,1.5765057996937515,0.8059560029313729
81,8,1.5798591406557572,0.7756683637880832
81,9,1.9521599083766858,1.034357252866598
81,10,NA,1.0297957742784096
82,1,NA,NA
82,2,NA,0.6813164425819027
82,3,0.21450686747033293,0.32650028005326726
82,4,0.2650911519495038,0.7029137378546167
82,5,1.9154362880549176,1.625013850756798
82,6,2.3345008199514985,1.496015957335687
82,7,1.5240160236347755,0.8059560029313729
82,8,1.457913191919682,0.7756683637880832
82,9,1.3562112313414376,1.034357252866598
82,10,NA,1.0297957742784096
98,1,NA,NA
98,2,NA,0.6813164425819027
98,3,0.16900106882558594,0.32650028005326726
98,4,0.2537330295361409,0.7029137378546167
98,5,0.9592961464157176,1.625013850756798
98,6,2.9486024183951574,1.496015957335687
98,7,1.898246890886695,0.8059560029313729
98,8,1.6847854837239218,0.7756683637880832
98,9,2.0138890412037638,1.034357252866598
98,10,NA,1.0297957742784096
115,1,NA,NA
115,2,NA,0.6813164425819027
115,3,0.2653930518516274,0.32650028005326726
115,4,0.3620818531960862,0.7029137378546167
115,5,2.0942067270056675,1.625013850756798
115,6,1.8243961493620713,1.496015957335687
115,7,0.4963551892937603,0.8059560029313729
115,8,0.6486916861652788,0.7756683637880832
115,9,1.2308340667889028,1.034357252866598
115,10,NA,1.0297957742784096
126,1,NA,NA
126,2,NA,0.6813164425819027
126,3,0.12363214312905543,0.32650028005326726
126,4,0.2363635405475794,0.7029137378546167
126,5,0.7117194218984161,1.625013850756798
126,6,2.3959261018286147,1.496015957335687
126,7,2.2326139148703232,0.8059560029313729
126,8,1.5981754917035,0.7756683637880832
126,9,1.959581801891327,1.034357252866598
126,10,NA,1.0297957742784096
127,1,NA,NA
127,2,NA,0.6813164425819027
127,3,0.12396314088255167,0.32650028005326726
127,4,0.23473551765205414,0.7029137378546167
127,5,0.6984486825204903,1.625013850756798
127,6,2.383061123479578,1.496015957335687
127,7,2.2708100020206214,0.8059560029313729
127,8,1.7036481401207768,0.7756683637880832
127,9,2.149998068437368,1.034357252866598
127,10,NA,1.0297957742784096
128,1,NA,NA
128,2,NA,0.6813164425819027
128,3,0.11919924161762377,0.32650028005326726
128,4,0.21296059650874063,0.7029137378546167
128,5,0.5236714667224459,1.625013850756798
128,6,2.040299949875022,1.496015957335687
128,7,2.3067537609615254,0.8059560029313729
128,8,1.6527429649937375,0.7756683637880832
128,9,2.0442404035331094,1.034357252866598
128,10,NA,1.0297957742784096
138,1,NA,NA
138,2,NA,0.6813164425819027
138,3,0.1626927868205275,0.32650028005326726
138,4,0.2301515359716812,0.7029137378546167
138,5,0.40361947486882876,1.625013850756798
138,6,1.8459082091164616,1.496015957335687
138,7,2.2602313957612483,0.8059560029313729
138,8,0.6503687238450244,0.7756683637880832
138,9,0.7652465226987443,1.034357252866598
138,10,NA,1.0297957742784096
160,1,NA,NA
160,2,NA,0.6813164425819027
160,3,0.21073569429643227,0.32650028005326726
160,4,0.2672034568078388,0.7029137378546167
160,5,1.2000481951551014,1.625013850756798
160,6,2.9618231374983197,1.496015957335687
160,7,1.743087495503588,0.8059560029313729
160,8,1.3157559981995308,0.7756683637880832
160,9,1.6323403928217408,1.034357252866598
160,10,NA,1.0297957742784096
183,1,NA,NA
183,2,NA,0.6813164425819027
183,3,0.22038313343076948,0.32650028005326726
183,4,0.27343248798834807,0.7029137378546167
183,5,1.3496092407531826,1.625013850756798
183,6,2.858909126067366,1.496015957335687
183,7,1.7159338067417684,0.8059560029313729
183,8,1.5027268636495548,0.7756683637880832
183,9,1.4568426299317976,1.034357252866598
183,10,NA,1.0297957742784096
187,1,NA,NA
187,2,NA,0.6813164425819027
187,3,0.15932902992521755,0.32650028005326726
187,4,0.25245539594284244,0.7029137378546167
187,5,0.88045167895921606,1.625013850756798
187,6,2.7913361612794807,1.496015957335687
187,7,2.1536954892128275,0.8059560029313729
187,8,1.4443525874966967,0.7756683637880832
187,9,1.7388336203886579,1.034357252866598
187,10,NA,1.0297957742784096
194,1,NA,NA
194,2,NA,0.6813164425819027
194,3,0.13718734140646585,0.32650028005326726
194,4,0.23709778763720246,0.7029137378546167
194,5,0.6912052124082254,1.625013850756798
194,6,2.3538111866596916,1.496015957335687
194,7,2.2183678980721626,0.8059560029313729
194,8,1.5322472352579415,0.7756683637880832
194,9,1.9238163805798272,1.034357252866598
194,10,NA,1.0297957742784096
205,1,NA,NA
205,2,NA,0.6813164425819027
205,3,0.2288332107796598,0.32650028005326726
205,4,0.32937570248674136,0.7029137378546167
205,5,2.0707720254356436,1.625013850756798
205,6,2.2672992444501747,1.496015957335687
205,7,1.5714704128724934,0.8059560029313729
205,8,1.6505288750859457,0.7756683637880832
205,9,1.95433060946036,1.034357252866598
205,10,NA,1.0297957742784096
206,1,NA,NA
206,2,NA,0.6813164425819027
206,3,0.22049712636478389,0.32650028005326726
206,4,0.2713422631205668,0.7029137378546167
206,5,1.3462878101817337,1.625013850756798
206,6,2.8542115767669882,1.496015957335687
206,7,1.6619380596820814,0.8059560029313729
206,8,1.6067387301434752,0.7756683637880832
206,9,1.4800881780551423,1.034357252866598
206,10,NA,1.0297957742784096
210,1,NA,NA
210,2,NA,0.6813164425819027
210,3,0.1524506844945398,0.32650028005326726
210,4,0.25504589794208915,0.7029137378546167
210,5,0.8916252494725314,1.625013850756798
210,6,2.84128257089388,1.496015957335687
210,7,2.081621708775145,0.8059560029313729
210,8,1.3039303931664294,0.7756683637880832
210,9,1.8047987955886593,1.034357252866598
210,10,NA,1.0297957742784096
214,1,NA,NA
214,2,NA,0.6813164425819027
214,3,0.1984814530434577,0.32650028005326726
214,4,0.22544647805266008,0.7029137378546167
214,5,0.61663229896429,1.625013850756798
214,6,2.2085783019312113,1.496015957335687
214,7,2.2455590655862654,0.8059560029313729
214,8,1.8087393260698976,0.7756683637880832
214,9,2.091500684129349,1.034357252866598
214,10,NA,1.0297957742784096
223,1,NA,NA
223,2,NA,0.6813164425819027
223,3,0.2543531476966734,0.32650028005326726
223,4,0.3379521626998788,0.7029137378546167
223,5,2.1505484340206675,1.625013850756798
223,6,1.7255186491435575,1.496015957335687
223,7,1.3528400592526124,0.8059560029313729
223,8,1.4536602112663517,0.7756683637880832
223,9,1.249722759926181,1.034357252866598
223,10,NA,1.0297957742784096
232,1,NA,NA
232,2,NA,0.6813164425819027
232,3,0.2221932636724936,0.32650028005326726
232,4,0.27317352101008685,0.7029137378546167
232,5,1.343531361070101,1.625013850756798
232,6,2.889187318808186,1.496015957335687
232,7,1.8050595590960508,0.8059560029313729
232,8,1.3785183307778743,0.7756683637880832
232,9,1.4899379036853946,1.034357252866598
232,10,NA,1.0297957742784096
235,1,NA,NA
235,2,NA,0.6813164425819027
235,3,0.20295952238926762,0.32650028005326726
235,4,0.2611565293584551,0.7029137378546167
235,5,1.1856984726020268,1.625013850756798
235,6,2.9562857328555285,1.496015957335687
235,7,1.6556910549828765,0.8059560029313729
235,8,1.4819998551013223,0.7756683637880832
235,9,1.9282500901005484,1.034357252866598
235,10,NA,1.0297957742784096
237,1,NA,NA
237,2,NA,0.6813164425819027
237,3,0.15593425234871322,0.32650028005326726
237,4,0.2515757507856258,0.7029137378546167
237,5,0.8772604516972371,1.625013850756798
237,6,2.8744044035544127,1.496015957335687
237,7,2.1126542424071917,0.8059560029313729
237,8,1.7036364028851192,0.7756683637880832
237,9,2.0419306541453897,1.034357252866598
237,10,NA,1.0297957742784096
252,1,NA,NA
252,2,NA,0.6813164425819027
252,3,0.2009331128001213,0.32650028005326726
252,4,0.2574498638052043,0.7029137378546167
252,5,1.2090271549754061,1.625013850756798
252,6,2.957605838441403,1.496015957335687
252,7,1.8727218750717138,0.8059560029313729
252,8,1.8714862654676956,0.7756683637880832
252,9,2.1348277977924277,1.034357252866598
252,10,NA,1.0297957742784096
254,1,NA,NA
254,2,NA,0.6813164425819027
254,3,0.19384064899088863,0.32650028005326726
254,4,0.263284776430085,0.7029137378546167
254,5,1.0520517455149476,1.625013850756798
254,6,2.9481167345289974,1.496015957335687
254,7,0.9884289506516538,0.8059560029313729
254,8,0.6875829568265804,0.7756683637880832
254,9,1.371668882078404,1.034357252866598
254,10,NA,1.0297957742784096
271,1,NA,NA
271,2,NA,0.6813164425819027
271,3,0.16150966591105378,0.32650028005326726
271,4,0.2581957801376485,0.7029137378546167
271,5,0.9383042140120086,1.625013850756798
271,6,2.925326538484803,1.496015957335687
271,7,1.6782125874801919,0.8059560029313729
271,8,1.115444692222902,0.7756683637880832
271,9,1.7771696067553886,1.034357252866598
271,10,NA,1.0297957742784096
284,1,NA,NA
284,2,NA,0.6813164425819027
284,3,0.19165985919737072,0.32650028005326726
284,4,0.23178666764935413,0.7029137378546167
284,5,0.4210476757307752,1.625013850756798
284,6,1.8952102472554948,1.496015957335687
284,7,2.2618196874124106,0.8059560029313729
284,8,0.7170475530557793,0.7756683637880832
284,9,0.43215595761879316,1.034357252866598
284,10,NA,1.0297957742784096
301,1,NA,NA
301,2,NA,0.6813164425819027
301,3,0.1914009705987792,0.32650028005326726
301,4,0.23014950552876567,0.7029137378546167
301,5,0.47014442494870634,1.625013850756798
301,6,2.086705717833907,1.496015957335687
301,7,2.299520274998296,0.8059560029313729
301,8,0.8627810813688881,0.7756683637880832
301,9,1.1000280480859053,1.034357252866598
301,10,NA,1.0297957742784096
305,1,NA,NA
305,2,NA,0.6813164425819027
305,3,0.3159400068578266,0.32650028005326726
305,4,0.3019177623252641,0.7029137378546167
305,5,2.1131329897516027,1.625013850756798
305,6,2.392618978832975,1.496015957335687
305,7,1.7097420288861254,0.8059560029313729
305,8,1.955569128956355,0.7756683637880832
305,9,2.1477479314648416,1.034357252866598
305,10,NA,1.0297957742784096
317,1,NA,NA
317,2,NA,0.6813164425819027
317,3,0.1913913293828955,0.32650028005326726
317,4,0.22738089374589401,0.7029137378546167
317,5,0.6279026375771648,1.625013850756798
317,6,2.2549209808362303,1.496015957335687
317,7,2.2082497015870577,0.8059560029313729
317,8,1.5350979350474048,0.7756683637880832
317,9,1.9112396919760717,1.034357252866598
317,10,NA,1.0297957742784096
318,1,NA,NA
318,2,NA,0.6813164425819027
318,3,0.18170953803517,0.32650028005326726
318,4,0.2582036431826336,0.7029137378546167
318,5,0.9072258864554054,1.625013850756798
318,6,2.7832712805053523,1.496015957335687
318,7,1.3304737731595249,0.8059560029313729
318,8,0.5339285367538771,0.7756683637880832
318,9,0.40232020964994714,1.034357252866598
318,10,NA,1.0297957742784096
343,1,NA,NA
343,2,NA,0.6813164425819027
343,3,0.24467165342399053,0.32650028005326726
343,4,0.309448839248284,0.7029137378546167
343,5,2.07266904220563,1.625013850756798
343,6,1.9169415090685693,1.496015957335687
343,7,1.4489914383882148,0.8059560029313729
343,8,1.5265373483948086,0.7756683637880832
343,9,1.3153090133314083,1.034357252866598
343,10,NA,1.0297957742784096
412,1,NA,NA
412,2,NA,0.6813164425819027
412,3,0.17495818489364215,0.32650028005326726
412,4,0.31958618479357814,0.7029137378546167
412,5,2.115921734505404,1.625013850756798
412,6,2.1454623706981066,1.496015957335687
412,7,1.437166370523786,0.8059560029313729
412,8,1.4910663632364232,0.7756683637880832
412,9,1.8505862816508278,1.034357252866598
412,10,NA,1.0297957742784096
459,1,NA,NA
459,2,NA,0.6813164425819027
459,3,0.3378815125270225,0.32650028005326726
459,4,0.3551183405375807,0.7029137378546167
459,5,0.3830881404919901,1.625013850756798
459,6,1.7630763654153978,1.496015957335687
459,7,2.2357766679389446,0.8059560029313729
459,8,0.5320966312301135,0.7756683637880832
459,9,1.3082045931509758,1.034357252866598
459,10,NA,1.0297957742784096
468,1,NA,NA
468,2,NA,0.6813164425819027
468,3,0.19351268412395456,0.32650028005326726
468,4,0.2334619704488659,0.7029137378546167
468,5,0.4117233488060858,1.625013850756798
468,6,1.883051456744874,1.496015957335687
468,7,2.2501202943887817,0.8059560029313729
468,8,0.6565822063318943,0.7756683637880832
468,9,0.644377715695892,1.034357252866598
468,10,NA,1.0297957742784096
471,1,NA,NA
471,2,NA,0.6813164425819027
471,3,0.20361421181382938,0.32650028005326726
471,4,0.24111841905974457,0.7029137378546167
471,5,0.45844491965459944,1.625013850756798
471,6,2.09260637514038,1.496015957335687
471,7,2.190197736235028,0.8059560029313729
471,8,0.6784747025622521,0.7756683637880832
471,9,0.4207455943404424,1.034357252866598
471,10,NA,1.0297957742784096
479,1,NA,NA
479,2,NA,0.6813164425819027
479,3,0.20007296390351562,0.32650028005326726
479,4,0.23324413190238943,0.7029137378546167
479,5,0.5202696273536979,1.625013850756798
479,6,2.2862409849052594,1.496015957335687
479,7,2.0699619046824105,0.8059560029313729
479,8,0.5569064506905176,0.7756683637880832
479,9,0.6723003794249697,1.034357252866598
479,10,NA,1.0297957742784096
510,1,NA,NA
510,2,NA,0.6813164425819027
510,3,0.3401516066276995,0.32650028005326726
510,4,0.327486339092813,0.7029137378546167
510,5,0.4068757184555656,1.625013850756798
510,6,1.9168743873870695,1.496015957335687
510,7,2.1386917042960594,0.8059560029313729
510,8,0.5276752032932288,0.7756683637880832
510,9,1.4219917687428882,1.034357252866598
510,10,NA,1.0297957742784096
516,1,NA,NA
516,2,NA,0.6813164425819027
516,3,0.18536653473846992,0.32650028005326726
516,4,0.25955602799221283,0.7029137378546167
516,5,0.9258217975389657,1.625013850756798
516,6,2.663683445768795,1.496015957335687
516,7,1.5018477409900537,0.8059560029313729
516,8,0.4708452802311738,0.7756683637880832
516,9,0.645688054524133,1.034357252866598
516,10,NA,1.0297957742784096
523,1,NA,NA
523,2,NA,0.6813164425819027
523,3,0.20563677007147949,0.32650028005326726
523,4,0.22580440965787035,0.7029137378546167
523,5,0.5927346163824397,1.625013850756798
523,6,2.3861186136773407,1.496015957335687
523,7,1.8990042459434544,0.8059560029313729
523,8,0.40684637969887927,0.7756683637880832
523,9,1.0578326211621745,1.034357252866598
523,10,NA,1.0297957742784096
532,1,NA,NA
532,2,NA,0.6813164425819027
532,3,0.2159484218452768,0.32650028005326726
532,4,0.2568018840115692,0.7029137378546167
532,5,0.41460980474948883,1.625013850756798
532,6,1.9492146486963962,1.496015957335687
532,7,2.197739505369042,0.8059560029313729
532,8,0.520655484857104,0.7756683637880832
532,9,0.9386821478941157,1.034357252866598
532,10,NA,1.0297957742784096
565,1,NA,NA
565,2,NA,0.6813164425819027
565,3,0.1952892641875353,0.32650028005326726
565,4,0.23080146488021402,0.7029137378546167
565,5,0.4841487351432088,1.625013850756798
565,6,2.1542992880611798,1.496015957335687
565,7,2.276018921539634,0.8059560029313729
565,8,0.8619446061684308,0.7756683637880832
565,9,1.127863812898652,1.034357252866598
565,10,NA,1.0297957742784096
568,1,NA,NA
568,2,NA,0.6813164425819027
568,3,0.192423749674961,0.32650028005326726
568,4,0.22527925579567773,0.7029137378546167
568,5,0.5385676813884057,1.625013850756798
568,6,2.2972572147975514,1.496015957335687
568,7,2.0918252773169694,0.8059560029313729
568,8,0.6230276374934385,0.7756683637880832
568,9,0.43913575991291287,1.034357252866598
568,10,NA,1.0297957742784096
575,1,NA,NA
575,2,NA,0.6813164425819027
575,3,0.21493252640119478,0.32650028005326726
575,4,0.2521958319144843,0.7029137378546167
575,5,0.4366723962948513,1.625013850756798
575,6,2.0315765829890893,1.496015957335687
575,7,2.1785251546725917,0.8059560029313729
575,8,0.5696616456814035,0.7756683637880832
575,9,0.893682941359072,1.034357252866598
575,10,NA,1.0297957742784096
618,1,NA,NA
618,2,NA,0.6813164425819027
618,3,0.18941805218431082,0.32650028005326726
618,4,0.21728327189552774,0.7029137378546167
618,5,0.5682984287954526,1.625013850756798
618,6,2.222482122045955,1.496015957335687
618,7,2.2489038829920722,0.8059560029313729
618,8,1.555440448481461,0.7756683637880832
618,9,1.8407877736438916,1.034357252866598
618,10,NA,1.0297957742784096
619,1,NA,NA
619,2,NA,0.6813164425819027
619,3,0.20067048549081604,0.32650028005326726
619,4,0.22738425903645906,0.7029137378546167
619,5,0.5967838616831408,1.625013850756798
619,6,2.398424142206268,1.496015957335687
619,7,1.8646685069118953,0.8059560029313729
619,8,0.41945679587769374,0.7756683637880832
619,9,1.3435470245660126,1.034357252866598
619,10,NA,1.0297957742784096
621,1,NA,NA
621,2,NA,0.6813164425819027
621,3,0.20623569992991786,0.32650028005326726
621,4,0.23966719663962238,0.7029137378546167
621,5,0.5131808889682807,1.625013850756798
621,6,2.3107882014342715,1.496015957335687
621,7,1.9384062955570347,0.8059560029313729
621,8,0.4546364229661823,0.7756683637880832
621,9,1.4125198179083942,1.034357252866598
621,10,NA,1.0297957742784096
691,1,NA,NA
691,2,NA,0.6813164425819027
691,3,0.19042984414159744,0.32650028005326726
691,4,0.22629071418248828,0.7029137378546167
691,5,0.6135191103546621,1.625013850756798
691,6,2.253462262713314,1.496015957335687
691,7,2.233073078768348,0.8059560029313729
691,8,1.5518810916398227,0.7756683637880832
691,9,1.9042894735415703,1.034357252866598
691,10,NA,1.0297957742784096
696,1,NA,NA
696,2,NA,0.6813164425819027
696,3,0.2002377604138909,0.32650028005326726
696,4,0.21962824614433513,0.7029137378546167
696,5,0.5768763726996414,1.625013850756798
696,6,2.2818893834406557,1.496015957335687
696,7,2.3681941085074047,0.8059560029313729
696,8,0.9486364099497352,0.7756683637880832
696,9,1.0649615999079491,1.034357252866598
696,10,NA,1.0297957742784096
718,1,NA,NA
718,2,NA,0.6813164425819027
718,3,0.18627053506702304,0.32650028005326726
718,4,0.25971888603451876,0.7029137378546167
718,5,0.9315701357171505,1.625013850756798
718,6,2.729795342187852,1.496015957335687
718,7,1.3628117368140362,0.8059560029313729
718,8,0.39895137952220056,0.7756683637880832
718,9,0.7865088605132275,1.034357252866598
718,10,NA,1.0297957742784096
720,1,NA,NA
720,2,NA,0.6813164425819027
720,3,0.19103941518462492,0.32650028005326726
720,4,0.22961547172775393,0.7029137378546167
720,5,0.5124139419012124,1.625013850756798
720,6,2.254193399962207,1.496015957335687
720,7,2.20805838953609,0.8059560029313729
720,8,0.8137577622144955,0.7756683637880832
720,9,0.9522412217674999,1.034357252866598
720,10,NA,1.0297957742784096
740,1,NA,NA
740,2,NA,0.6813164425819027
740,3,0.193201441767711,0.32650028005326726
740,4,0.214040074682883,0.7029137378546167
740,5,0.5479890280208839,1.625013850756798
740,6,2.15788825946772,1.496015957335687
740,7,2.2546140379476225,0.8059560029313729
740,8,1.5384736388130527,0.7756683637880832
740,9,1.9103580711595451,1.034357252866598
740,10,NA,1.0297957742784096
741,1,NA,NA
741,2,NA,0.6813164425819027
741,3,0.18994945366131633,0.32650028005326726
741,4,0.2245550843883435,0.7029137378546167
741,5,0.5867519229550153,1.625013850756798
741,6,2.1856999548256835,1.496015957335687
741,7,2.276187024780767,0.8059560029313729
741,8,1.7340711279993966,0.7756683637880832
741,9,2.1889410972146637,1.034357252866598
741,10,NA,1.0297957742784096
743,1,NA,NA
743,2,NA,0.6813164425819027
743,3,0.20369595707453947,0.32650028005326726
743,4,0.2246975991530909,0.7029137378546167
743,5,0.6129481641643019,1.625013850756798
743,6,2.3935285836826137,1.496015957335687
743,7,1.8965389330232407,0.8059560029313729
743,8,0.41132887540294266,0.7756683637880832
743,9,0.9655578729023012,1.034357252866598
743,10,NA,1.0297957742784096
855,1,NA,NA
855,2,NA,0.6813164425819027
855,3,0.37316959585984505,0.32650028005326726
855,4,0.4172136399100787,0.7029137378546167
855,5,0.37445392699503316,1.625013850756798
855,6,1.7082304816370066,1.496015957335687
855,7,2.2350463182468134,0.8059560029313729
855,8,0.5824428813853918,0.7756683637880832
855,9,1.3799499808265883,1.034357252866598
855,10,NA,1.0297957742784096
865,1,NA,NA
865,2,NA,0.6813164425819027
865,3,0.1921565271199892,0.32650028005326726
865,4,0.25820748561385715,0.7029137378546167
865,5,0.9031812523823222,1.625013850756798
865,6,2.631099204532802,1.496015957335687
865,7,1.5032427188580053,0.8059560029313729
865,8,0.4035634617182878,0.7756683637880832
865,9,0.7981841820179628,1.034357252866598
865,10,NA,1.0297957742784096
883,1,NA,NA
883,2,NA,0.6813164425819027
883,3,0.37749099419857096,0.32650028005326726
883,4,0.4143836743668993,0.7029137378546167
883,5,0.3721337728967672,1.625013850756798
883,6,1.736783031123636,1.496015957335687
883,7,2.1240504423680346,0.8059560029313729
883,8,0.7188763875745899,0.7756683637880832
883,9,1.4832252936155133,1.034357252866598
883,10,NA,1.0297957742784096
887,1,NA,NA
887,2,NA,0.6813164425819027
887,3,0.32658770382319274,0.32650028005326726
887,4,0.3154672340753682,0.7029137378546167
887,5,0.3875232900236989,1.625013850756798
887,6,1.868530396132625,1.496015957335687
887,7,2.1875756550089744,0.8059560029313729
887,8,0.49776311762623515,0.7756683637880832
887,9,1.2760101302420996,1.034357252866598
887,10,NA,1.0297957742784096
891,1,NA,NA
891,2,NA,0.6813164425819027
891,3,0.19881585616891628,0.32650028005326726
891,4,0.23323293158857425,0.7029137378546167
891,5,0.7640898806477356,1.625013850756798
891,6,2.540257023453252,1.496015957335687
891,7,1.6442597764625884,0.8059560029313729
891,8,0.3937297970945135,0.7756683637880832
891,9,0.9798999571648064,1.034357252866598
891,10,NA,1.0297957742784096
918,1,NA,NA
918,2,NA,0.6813164425819027
918,3,0.3255800615966677,0.32650028005326726
918,4,0.31808634646969514,0.7029137378546167
918,5,0.38527039853941175,1.625013850756798
918,6,1.8296340171745882,1.496015957335687
918,7,2.2107316482240833,0.8059560029313729
918,8,0.5110966165199102,0.7756683637880832
918,9,1.2792628575187177,1.034357252866598
918,10,NA,1.0297957742784096
951,1,NA,NA
951,2,NA,0.6813164425819027
951,3,0.3256154630716418,0.32650028005326726
951,4,0.3222026474942904,0.7029137378546167
951,5,0.38723361330990347,1.625013850756798
951,6,1.777929846313407,1.496015957335687
951,7,2.238236737179715,0.8059560029313729
951,8,0.5254379804763529,0.7756683637880832
951,9,1.2713514413090394,1.034357252866598
951,10,NA,1.0297957742784096
994,1,NA,NA
994,2,NA,0.6813164425819027
994,3,0.1190982855072147,0.32650028005326726
994,4,0.31139324104887695,0.7029137378546167
994,5,1.9992219845050483,1.625013850756798
994,6,1.2029654840285213,1.496015957335687
994,7,0.6213872581972487,0.8059560029313729
994,8,0.620898112818435,0.7756683637880832
994,9,0.8286730952974595,1.034357252866598
994,10,NA,1.0297957742784096
995,1,NA,NA
995,2,NA,0.6813164425819027
995,3,0.1190982855072147,0.32650028005326726
995,4,0.35424903928012147,0.7029137378546167
995,5,2.0637030152014355,1.625013850756798
995,6,1.6400714484087267,1.496015957335687
995,7,0.47297956462513496,0.8059560029313729
995,8,0.6645509312019765,0.7756683637880832
995,9,1.4690379439512404,1.034357252866598
995,10,NA,1.0297957742784096
1015,1,NA,NA
1015,2,NA,0.6813164425819027
1015,3,0.1190982855072147,0.32650028005326726
1015,4,0.3453440298120697,0.7029137378546167
1015,5,2.1350886340115145,1.625013850756798
1015,6,1.234324823085617,1.496015957335687
1015,7,0.6261669428696052,0.8059560029313729
1015,8,0.7059526747713486,0.7756683637880832
1015,9,0.7947398112934395,1.034357252866598
1015,10,NA,1.0297957742784096
1065,1,NA,NA
1065,2,NA,0.6813164425819027
1065,3,0.11727812974935486,0.32650028005326726
1065,4,0.2935231695484268,0.7029137378546167
1065,5,1.8834464014426653,1.625013850756798
1065,6,1.2299231670282267,1.496015957335687
1065,7,0.6497618625281563,0.8059560029313729
1065,8,0.6139942057858938,0.7756683637880832
1065,9,0.8271634944205014,1.034357252866598
1065,10,NA,1.0297957742784096
1274,1,NA,NA
1274,2,NA,0.6813164425819027
1274,3,0.153457977996947,0.32650028005326726
1274,4,0.2188610079070545,0.7029137378546167
1274,5,0.47502010081883383,1.625013850756798
1274,6,2.05031108877402,1.496015957335687
1274,7,2.3795443883142893,0.8059560029313729
1274,8,0.986243937065151,0.7756683637880832
1274,9,1.129451903992373,1.034357252866598
1274,10,NA,1.0297957742784096
1290,1,NA,NA
1290,2,NA,0.6813164425819027
1290,3,0.15764267140856156,0.32650028005326726
1290,4,0.21858373708380965,0.7029137378546167
1290,5,0.4169477944459622,1.625013850756798
1290,6,1.8598047318537374,1.496015957335687
1290,7,2.308000982818163,0.8059560029313729
1290,8,0.7687017981877584,0.7756683637880832
1290,9,0.28059329814366796,1.034357252866598
1290,10,NA,1.0297957742784096
1351,1,NA,NA
1351,2,NA,0.6813164425819027
1351,3,0.23618127617203158,0.32650028005326726
1351,4,0.2373401065188274,0.7029137378546167
1351,5,1.4183681954098286,1.625013850756798
1351,6,3.1105140657985912,1.496015957335687
1351,7,0.5421637135477596,0.8059560029313729
1351,8,0.6538281013437662,0.7756683637880832
1351,9,0.8431299693397516,1.034357252866598
1351,10,NA,1.0297957742784096
1367,1,NA,NA
1367,2,NA,0.6813164425819027
1367,3,0.22106428153631164,0.32650028005326726
1367,4,0.2324250293458068,0.7029137378546167
1367,5,1.3088922858132443,1.625013850756798
1367,6,3.0422105409286835,1.496015957335687
1367,7,0.5337972595733552,0.8059560029313729
1367,8,0.6376111091007828,0.7756683637880832
1367,9,0.8776933461659313,1.034357252866598
1367,10,NA,1.0297957742784096
1380,1,NA,NA
1380,2,NA,0.6813164425819027
1380,3,0.23484382149598276,0.32650028005326726
1380,4,0.23227866815137682,0.7029137378546167
1380,5,1.3709210862066143,1.625013850756798
1380,6,3.1127984377696163,1.496015957335687
1380,7,0.54593602507852,0.8059560029313729
1380,8,0.6352087904708554,0.7756683637880832
1380,9,0.8677871049666891,1.034357252866598
1380,10,NA,1.0297957742784096
1381,1,NA,NA
1381,2,NA,0.6813164425819027
1381,3,0.20866637402459196,0.32650028005326726
1381,4,0.2319236605985785,0.7029137378546167
1381,5,1.2727618680109043,1.625013850756798
1381,6,2.9466626793273822,1.496015957335687
1381,7,0.5529568191199379,0.8059560029313729
1381,8,0.5759917835300528,0.7756683637880832
1381,9,0.9910408293162194,1.034357252866598
1381,10,NA,1.0297957742784096
1384,1,NA,NA
1384,2,NA,0.6813164425819027
1384,3,0.18162472819902872,0.32650028005326726
1384,4,0.25604475749005967,0.7029137378546167
1384,5,1.5417450351070956,1.625013850756798
1384,6,3.0793875439905785,1.496015957335687
1384,7,0.5309176939739033,0.8059560029313729
1384,8,0.7018885505100401,0.7756683637880832
1384,9,0.8232495508676657,1.034357252866598
1384,10,NA,1.0297957742784096
1407,1,NA,NA
1407,2,NA,0.6813164425819027
1407,3,0.23495103881666154,0.32650028005326726
1407,4,0.2314059478909677,0.7029137378546167
1407,5,1.3475328493849497,1.625013850756798
1407,6,3.1166876556252587,1.496015957335687
1407,7,0.5488925141975743,0.8059560029313729
1407,8,0.6263893201081395,0.7756683637880832
1407,9,0.8800668714080941,1.034357252866598
1407,10,NA,1.0297957742784096
1421,1,NA,NA
1421,2,NA,0.6813164425819027
1421,3,0.21610462237545786,0.32650028005326726
1421,4,0.22937749908823765,0.7029137378546167
1421,5,1.2772145138090236,1.625013850756798
1421,6,2.9560971135479153,1.496015957335687
1421,7,0.5475172718193781,0.8059560029313729
1421,8,0.5755944827127655,0.7756683637880832
1421,9,0.9824316220081922,1.034357252866598
1421,10,NA,1.0297957742784096
1426,1,NA,NA
1426,2,NA,0.6813164425819027
1426,3,0.17419364900759807,0.32650028005326726
1426,4,0.25568162885221396,0.7029137378546167
1426,5,1.6508248646528423,1.625013850756798
1426,6,3.034651808569946,1.496015957335687
1426,7,0.5183241377901265,0.8059560029313729
1426,8,0.7694344290550923,0.7756683637880832
1426,9,0.914750212501284,1.034357252866598
1426,10,NA,1.0297957742784096
1469,1,NA,NA
1469,2,NA,0.6813164425819027
1469,3,0.16824726734605044,0.32650028005326726
1469,4,0.25041891538066186,0.7029137378546167
1469,5,1.6943358831221502,1.625013850756798
1469,6,3.058334017112721,1.496015957335687
1469,7,0.5132166029993729,0.8059560029313729
1469,8,0.9572563000268989,0.7756683637880832
1469,9,1.4100233609355153,1.034357252866598
1469,10,NA,1.0297957742784096
1470,1,NA,NA
1470,2,NA,0.6813164425819027
1470,3,0.1842283097289813,0.32650028005326726
1470,4,0.2432862692411341,0.7029137378546167
1470,5,1.4908733521812454,1.625013850756798
1470,6,3.1384000810883195,1.496015957335687
1470,7,0.5016676026883475,0.8059560029313729
1470,8,1.0815713005454353,0.7756683637880832
1470,9,1.6712876544333994,1.034357252866598
1470,10,NA,1.0297957742784096
1478,1,NA,NA
1478,2,NA,0.6813164425819027
1478,3,0.17329831548473415,0.32650028005326726
1478,4,0.26427082252314454,0.7029137378546167
1478,5,1.6695952181481133,1.625013850756798
1478,6,3.065366980805993,1.496015957335687
1478,7,0.5398152686209173,0.8059560029313729
1478,8,0.8963916540600871,0.7756683637880832
1478,9,1.1303118937658805,1.034357252866598
1478,10,NA,1.0297957742784096
1479,1,NA,NA
1479,2,NA,0.6813164425819027
1479,3,0.1726863863713004,0.32650028005326726
1479,4,0.2448915603648498,0.7029137378546167
1479,5,1.6152909313971573,1.625013850756798
1479,6,3.074695430574233,1.496015957335687
1479,7,0.5075997619762727,0.8059560029313729
1479,8,1.0249561591780572,0.7756683637880832
1479,9,1.614216647297144,1.034357252866598
1479,10,NA,1.0297957742784096
1490,1,NA,NA
1490,2,NA,0.6813164425819027
1490,3,0.17363886510698628,0.32650028005326726
1490,4,0.24359256903407345,0.7029137378546167
1490,5,1.5819652693407924,1.625013850756798
1490,6,3.0872742879417348,1.496015957335687
1490,7,0.5063732751699805,0.8059560029313729
1490,8,1.0439585443066057,0.7756683637880832
1490,9,1.6262560025552708,1.034357252866598
1490,10,NA,1.0297957742784096
1502,1,NA,NA
1502,2,NA,0.6813164425819027
1502,3,0.16633189388542377,0.32650028005326726
1502,4,0.2581681271528338,0.7029137378546167
1502,5,1.7217717243918829,1.625013850756798
1502,6,3.050475945082739,1.496015957335687
1502,7,0.5220645873073569,0.8059560029313729
1502,8,0.929543553075231,0.7756683637880832
1502,9,1.3191899702132466,1.034357252866598
1502,10,NA,1.0297957742784096
1511,1,NA,NA
1511,2,NA,0.6813164425819027
1511,3,0.23550546705722808,0.32650028005326726
1511,4,0.22926151005372608,0.7029137378546167
1511,5,1.3317017353930563,1.625013850756798
1511,6,3.1841615109067214,1.496015957335687
1511,7,0.5380396281602378,0.8059560029313729
1511,8,0.6859458416700364,0.7756683637880832
1511,9,0.8435679049475524,1.034357252866598
1511,10,NA,1.0297957742784096
1515,1,NA,NA
1515,2,NA,0.6813164425819027
1515,3,0.16564307821892113,0.32650028005326726
1515,4,0.2559713053476275,0.7029137378546167
1515,5,1.7266761421210348,1.625013850756798
1515,6,3.054293462449628,1.496015957335687
1515,7,0.5204264260614152,0.8059560029313729
1515,8,0.9373913019029926,0.7756683637880832
1515,9,1.3627738568053143,1.034357252866598
1515,10,NA,1.0297957742784096
1524,1,NA,NA
1524,2,NA,0.6813164425819027
1524,3,0.15952395520039966,0.32650028005326726
1524,4,0.2556612051830228,0.7029137378546167
1524,5,1.0779036695496478,1.625013850756798
1524,6,2.7919292371974826,1.496015957335687
1524,7,0.6483224248108657,0.8059560029313729
1524,8,0.5699092863635583,0.7756683637880832
1524,9,1.0828639957017039,1.034357252866598
1524,10,NA,1.0297957742784096
1542,1,NA,NA
1542,2,NA,0.6813164425819027
1542,3,0.10114030912518501,0.32650028005326726
1542,4,0.28554419874789744,0.7029137378546167
1542,5,2.148743024318338,1.625013850756798
1542,6,1.145428181636946,1.496015957335687
1542,7,0.6939251360213645,0.8059560029313729
1542,8,0.669331226752713,0.7756683637880832
1542,9,0.7571736223896784,1.034357252866598
1542,10,NA,1.0297957742784096
1554,1,NA,NA
1554,2,NA,0.6813164425819027
1554,3,0.08275993168354034,0.32650028005326726
1554,4,0.3295483266345916,0.7029137378546167
1554,5,2.0963604199573007,1.625013850756798
1554,6,1.374253578499484,1.496015957335687
1554,7,0.5758506978895526,0.8059560029313729
1554,8,0.6748422912445906,0.7756683637880832
1554,9,0.8225052501175814,1.034357252866598
1554,10,NA,1.0297957742784096
1560,1,NA,NA
1560,2,NA,0.6813164425819027
1560,3,0.11586960249168929,0.32650028005326726
1560,4,0.26809634208523303,0.7029137378546167
1560,5,1.4975657220712433,1.625013850756798
1560,6,1.8193299669735081,1.496015957335687
1560,7,0.7029893342755116,0.8059560029313729
1560,8,0.6228601153678646,0.7756683637880832
1560,9,0.9054026564103085,1.034357252866598
1560,10,NA,1.0297957742784096
1573,1,NA,NA
1573,2,NA,0.6813164425819027
1573,3,0.14884150826505252,0.32650028005326726
1573,4,0.2627735874797745,0.7029137378546167
1573,5,1.0699448336687314,1.625013850756798
1573,6,2.729805062785007,1.496015957335687
1573,7,0.6484203859973137,0.8059560029313729
1573,8,0.5754627729818823,0.7756683637880832
1573,9,1.0849971542619679,1.034357252866598
1573,10,NA,1.0297957742784096
1606,1,NA,NA
1606,2,NA,0.6813164425819027
1606,3,0.16758045200122534,0.32650028005326726
1606,4,0.2181760664326298,0.7029137378546167
1606,5,0.5033308198033012,1.625013850756798
1606,6,1.9682272166286507,1.496015957335687
1606,7,2.342125737420993,0.8059560029313729
1606,8,1.5254102380744174,0.7756683637880832
1606,9,1.8900718911151801,1.034357252866598
1606,10,NA,1.0297957742784096
1627,1,NA,NA
1627,2,NA,0.6813164425819027
1627,3,0.11896193230693991,0.32650028005326726
1627,4,0.24771820477353398,0.7029137378546167
1627,5,1.5229659126603943,1.625013850756798
1627,6,1.5837453782902977,1.496015957335687
1627,7,0.6964813960482937,0.8059560029313729
1627,8,0.6260043318496157,0.7756683637880832
1627,9,0.8830259472996161,1.034357252866598
1627,10,NA,1.0297957742784096
1661,1,NA,NA
1661,2,NA,0.6813164425819027
1661,3,0.144198169843072,0.32650028005326726
1661,4,0.27701663422027584,0.7029137378546167
1661,5,1.3720349250540653,1.625013850756798
1661,6,2.3375005256362824,1.496015957335687
1661,7,0.6954921846819893,0.8059560029313729
1661,8,0.5497715054046981,0.7756683637880832
1661,9,0.9943514343227687,1.034357252866598
1661,10,NA,1.0297957742784096
1694,1,NA,NA
1694,2,NA,0.6813164425819027
1694,3,0.16316766171686112,0.32650028005326726
1694,4,0.22513410025325958,0.7029137378546167
1694,5,1.0955688013223877,1.625013850756798
1694,6,2.803766760937003,1.496015957335687
1694,7,0.5943370436877843,0.8059560029313729
1694,8,0.5481920389282076,0.7756683637880832
1694,9,1.0216115263929886,1.034357252866598
1694,10,NA,1.0297957742784096
1696,1,NA,NA
1696,2,NA,0.6813164425819027
1696,3,0.1255432400034695,0.32650028005326726
1696,4,0.26111035403229443,0.7029137378546167
1696,5,1.3890127732495121,1.625013850756798
1696,6,2.002931326992063,1.496015957335687
1696,7,0.7084195950823953,0.8059560029313729
1696,8,0.597117429304307,0.7756683637880832
1696,9,0.9312500099019705,1.034357252866598
1696,10,NA,1.0297957742784096
1702,1,NA,NA
1702,2,NA,0.6813164425819027
1702,3,0.11896193230693991,0.32650028005326726
1702,4,0.27992611708434206,0.7029137378546167
1702,5,1.518602858834407,1.625013850756798
1702,6,1.8080720962986114,1.496015957335687
1702,7,0.6951182861630039,0.8059560029313729
1702,8,0.6305298538584458,0.7756683637880832
1702,9,0.8837053746328244,1.034357252866598
1702,10,NA,1.0297957742784096
1706,1,NA,NA
1706,2,NA,0.6813164425819027
1706,3,0.1394021598888295,0.32650028005326726
1706,4,0.25233932884702504,0.7029137378546167
1706,5,1.082048918507453,1.625013850756798
1706,6,2.8644281367837254,1.496015957335687
1706,7,0.645013132014889,0.8059560029313729
1706,8,0.5677804928349615,0.7756683637880832
1706,9,1.0728012217977594,1.034357252866598
1706,10,NA,1.0297957742784096
1729,1,NA,NA
1729,2,NA,0.6813164425819027
1729,3,0.14956351057734601,0.32650028005326726
1729,4,0.25709153917442346,0.7029137378546167
1729,5,1.0587953438024735,1.625013850756798
1729,6,2.6900498870470337,1.496015957335687
1729,7,0.6395943338467069,0.8059560029313729
1729,8,0.585800617975367,0.7756683637880832
1729,9,1.1019876360238254,1.034357252866598
1729,10,NA,1.0297957742784096
1731,1,NA,NA
1731,2,NA,0.6813164425819027
1731,3,0.11115531760611032,0.32650028005326726
1731,4,0.2474962614855771,0.7029137378546167
1731,5,1.497937409288411,1.625013850756798
1731,6,1.6264003968121958,1.496015957335687
1731,7,0.737827326887745,0.8059560029313729
1731,8,0.6317705765918449,0.7756683637880832
1731,9,0.8803955465461767,1.034357252866598
1731,10,NA,1.0297957742784096
1732,1,NA,NA
1732,2,NA,0.6813164425819027
1732,3,0.10620657220864907,0.32650028005326726
1732,4,0.2368373852128799,0.7029137378546167
1732,5,1.5226553565388574,1.625013850756798
1732,6,1.5138670442486302,1.496015957335687
1732,7,0.7362989794666117,0.8059560029313729
1732,8,0.6371999466197288,0.7756683637880832
1732,9,0.8470508827309664,1.034357252866598
1732,10,NA,1.0297957742784096
1747,1,NA,NA
1747,2,NA,0.6813164425819027
1747,3,NA,0.32650028005326726
1747,4,0.239203617041687,0.7029137378546167
1747,5,1.4319496835750465,1.625013850756798
1747,6,1.7164885147921438,1.496015957335687
1747,7,0.7098417672373,0.8059560029313729
1747,8,0.6019039913438834,0.7756683637880832
1747,9,0.9744245276607237,1.034357252866598
1747,10,NA,1.0297957742784096
1753,1,NA,NA
1753,2,NA,0.6813164425819027
1753,3,NA,0.32650028005326726
1753,4,0.2128860012932064,0.7029137378546167
1753,5,1.9339639820488803,1.625013850756798
1753,6,1.33341025842287,1.496015957335687
1753,7,1.0520087511703684,0.8059560029313729
1753,8,0.5909854354658676,0.7756683637880832
1753,9,0.6523906603211262,1.034357252866598
1753,10,NA,1.0297957742784096
1762,1,NA,NA
1762,2,NA,0.6813164425819027
1762,3,0.19690339088439943,0.32650028005326726
1762,4,0.22336397128245664,0.7029137378546167
1762,5,1.2116516492813467,1.625013850756798
1762,6,2.8317397935486537,1.496015957335687
1762,7,0.5979930713342104,0.8059560029313729
1762,8,0.5877542168210648,0.7756683637880832
1762,9,1.0690695708892384,1.034357252866598
1762,10,NA,1.0297957742784096
1764,1,NA,NA
1764,2,NA,0.6813164425819027
1764,3,0.1408491904536883,0.32650028005326726
1764,4,0.2682129383492326,0.7029137378546167
1764,5,1.374931897013331,1.625013850756798
1764,6,2.128402230052814,1.496015957335687
1764,7,0.6958520595141298,0.8059560029313729
1764,8,0.5653597514237642,0.7756683637880832
1764,9,0.9556845392925005,1.034357252866598
1764,10,NA,1.0297957742784096
1766,1,NA,NA
1766,2,NA,0.6813164425819027
1766,3,0.10570698171048551,0.32650028005326726
1766,4,0.23646628616931367,0.7029137378546167
1766,5,1.5072331498130676,1.625013850756798
1766,6,1.527693048974225,1.496015957335687
1766,7,0.7385927638717901,0.8059560029313729
1766,8,0.6364243943194812,0.7756683637880832
1766,9,0.8482171540747336,1.034357252866598
1766,10,NA,1.0297957742784096
1780,1,NA,NA
1780,2,NA,0.6813164425819027
1780,3,NA,0.32650028005326726
1780,4,0.262227237490671,0.7029137378546167
1780,5,1.2950061329884603,1.625013850756798
1780,6,2.0674677073769465,1.496015957335687
1780,7,0.6857421516148575,0.8059560029313729
1780,8,0.6167817920525447,0.7756683637880832
1780,9,0.9640268720520867,1.034357252866598
1780,10,NA,1.0297957742784096
1789,1,NA,NA
1789,2,NA,0.6813164425819027
1789,3,NA,0.32650028005326726
1789,4,0.46654732465078974,0.7029137378546167
1789,5,2.476412032770388,1.625013850756798
1789,6,1.0365525364397041,1.496015957335687
1789,7,1.1672274838379824,0.8059560029313729
1789,8,0.588328308772243,0.7756683637880832
1789,9,0.5930519981835933,1.034357252866598
1789,10,NA,1.0297957742784096
1797,1,NA,NA
1797,2,NA,0.6813164425819027
1797,3,0.19690339088439943,0.32650028005326726
1797,4,0.22090966434675385,0.7029137378546167
1797,5,1.182607637806727,1.625013850756798
1797,6,2.787485081702471,1.496015957335687
1797,7,0.6009962409203174,0.8059560029313729
1797,8,0.5951912043423488,0.7756683637880832
1797,9,1.0959296737550202,1.034357252866598
1797,10,NA,1.0297957742784096
1798,1,NA,NA
1798,2,NA,0.6813164425819027
1798,3,0.14956351057734601,0.32650028005326726
1798,4,0.25041724263706105,0.7029137378546167
1798,5,1.0469673029673854,1.625013850756798
1798,6,2.6566206988976253,1.496015957335687
1798,7,0.6332650054490202,0.8059560029313729
1798,8,0.5894364998330791,0.7756683637880832
1798,9,1.1122374707155238,1.034357252866598
1798,10,NA,1.0297957742784096
1799,1,NA,NA
1799,2,NA,0.6813164425819027
1799,3,0.14956351057734601,0.32650028005326726
1799,4,0.2728253377569292,0.7029137378546167
1799,5,1.2779530296659773,1.625013850756798
1799,6,2.3331313469274506,1.496015957335687
1799,7,0.6694432096842919,0.8059560029313729
1799,8,0.5473045785569777,0.7756683637880832
1799,9,0.9911941770745927,1.034357252866598
1799,10,NA,1.0297957742784096
1800,1,NA,NA
1800,2,NA,0.6813164425819027
1800,3,0.14238791912794113,0.32650028005326726
1800,4,0.2646507168520082,0.7029137378546167
1800,5,1.3758600324691088,1.625013850756798
1800,6,2.0505667678312522,1.496015957335687
1800,7,0.6997474199933968,0.8059560029313729
1800,8,0.5909179786760961,0.7756683637880832
1800,9,0.9368541090266754,1.034357252866598
1800,10,NA,1.0297957742784096
1802,1,NA,NA
1802,2,NA,0.6813164425819027
1802,3,0.11380350781338555,0.32650028005326726
1802,4,0.24336404682196067,0.7029137378546167
1802,5,1.5006057188415884,1.625013850756798
1802,6,1.5532174429567052,1.496015957335687
1802,7,0.7412207944786058,0.8059560029313729
1802,8,0.6413088671842997,0.7756683637880832
1802,9,0.8520570417741934,1.034357252866598
1802,10,NA,1.0297957742784096
1812,1,NA,NA
1812,2,NA,0.6813164425819027
1812,3,NA,0.32650028005326726
1812,4,0.2595554677843353,0.7029137378546167
1812,5,1.3867678455394856,1.625013850756798
1812,6,1.8936928166691953,1.496015957335687
1812,7,0.7181724968323341,0.8059560029313729
1812,8,0.6330802034174978,0.7756683637880832
1812,9,0.9287800233861863,1.034357252866598
1812,10,NA,1.0297957742784096
1813,1,NA,NA
1813,2,NA,0.6813164425819027
1813,3,NA,0.32650028005326726
1813,4,0.2624808599793519,0.7029137378546167
1813,5,1.35422066858127,1.625013850756798
1813,6,2.010503185578132,1.496015957335687
1813,7,0.701962967078353,0.8059560029313729
1813,8,0.6324222837258311,0.7756683637880832
1813,9,0.9456052828195414,1.034357252866598
1813,10,NA,1.0297957742784096
1820,1,NA,NA
1820,2,NA,0.6813164425819027
1820,3,NA,0.32650028005326726
1820,4,0.20104362857224653,0.7029137378546167
1820,5,1.779106427622105,1.625013850756798
1820,6,1.6155823174984225,1.496015957335687
1820,7,1.0588979654215478,0.8059560029313729
1820,8,0.6010720213082746,0.7756683637880832
1820,9,0.6825514804306838,1.034357252866598
1820,10,NA,1.0297957742784096
1831,1,NA,NA
1831,2,NA,0.6813164425819027
1831,3,0.2482213416033321,0.32650028005326726
1831,4,0.23188355689610007,0.7029137378546167
1831,5,1.2796843720519024,1.625013850756798
1831,6,3.110619014529209,1.496015957335687
1831,7,0.5527487233362562,0.8059560029313729
1831,8,0.6055235305149865,0.7756683637880832
1831,9,0.9421423646136844,1.034357252866598
1831,10,NA,1.0297957742784096
1832,1,NA,NA
1832,2,NA,0.6813164425819027
1832,3,0.17242638286082976,0.32650028005326726
1832,4,0.2283964246633267,0.7029137378546167
1832,5,1.026610636019558,1.625013850756798
1832,6,2.756488968138442,1.496015957335687
1832,7,0.600707207188428,0.8059560029313729
1832,8,0.5711313714553793,0.7756683637880832
1832,9,1.0708406808615714,1.034357252866598
1832,10,NA,1.0297957742784096
1835,1,NA,NA
1835,2,NA,0.6813164425819027
1835,3,0.14956351057734601,0.32650028005326726
1835,4,0.27303646496969675,0.7029137378546167
1835,5,1.1449665688979946,1.625013850756798
1835,6,2.559552174390464,1.496015957335687
1835,7,0.6572917926179201,0.8059560029313729
1835,8,0.5216075011222858,0.7756683637880832
1835,9,1.03087373004297,1.034357252866598
1835,10,NA,1.0297957742784096
1839,1,NA,NA
1839,2,NA,0.6813164425819027
1839,3,0.1532193949446082,0.32650028005326726
1839,4,0.26631783883287974,0.7029137378546167
1839,5,1.3722905736742714,1.625013850756798
1839,6,2.06863602422622,1.496015957335687
1839,7,0.6968747490548832,0.8059560029313729
1839,8,0.6003917023235438,0.7756683637880832
1839,9,0.937934753932792,1.034357252866598
1839,10,NA,1.0297957742784096
1845,1,NA,NA
1845,2,NA,0.6813164425819027
1845,3,0.20337471754654593,0.32650028005326726
1845,4,0.21185084427659862,0.7029137378546167
1845,5,1.023533551292693,1.625013850756798
1845,6,2.7079623768275436,1.496015957335687
1845,7,0.6185825574763816,0.8059560029313729
1845,8,0.6029085690751447,0.7756683637880832
1845,9,1.164266482833297,1.034357252866598
1845,10,NA,1.0297957742784096
1846,1,NA,NA
1846,2,NA,0.6813164425819027
1846,3,0.22103725552558898,0.32650028005326726
1846,4,0.20912899133355284,0.7029137378546167
1846,5,1.042834688303382,1.625013850756798
1846,6,2.6373138259212703,1.496015957335687
1846,7,0.6372092094639658,0.8059560029313729
1846,8,0.602078821920239,0.7756683637880832
1846,9,1.2500741824462145,1.034357252866598
1846,10,NA,1.0297957742784096
1848,1,NA,NA
1848,2,NA,0.6813164425819027
1848,3,0.3277807950973511,0.32650028005326726
1848,4,0.2072200532839837,0.7029137378546167
1848,5,1.0452536774444632,1.625013850756798
1848,6,2.626754004725299,1.496015957335687
1848,7,0.641613040513852,0.8059560029313729
1848,8,0.6013892192759088,0.7756683637880832
1848,9,1.2529204405800125,1.034357252866598
1848,10,NA,1.0297957742784096
1856,1,NA,NA
1856,2,NA,0.6813164425819027
1856,3,NA,0.32650028005326726
1856,4,0.34319560032635393,0.7029137378546167
1856,5,2.2975513378234758,1.625013850756798
1856,6,1.1137059787468897,1.496015957335687
1856,7,1.0676490124876739,0.8059560029313729
1856,8,0.5870062917575501,0.7756683637880832
1856,9,0.6186971059775982,1.034357252866598
1856,10,NA,1.0297957742784096
1864,1,NA,NA
1864,2,NA,0.6813164425819027
1864,3,0.24651268804850784,0.32650028005326726
1864,4,0.2319654949856569,0.7029137378546167
1864,5,1.280685929991618,1.625013850756798
1864,6,3.0836922156351183,1.496015957335687
1864,7,0.5595980262344364,0.8059560029313729
1864,8,0.5910404073661955,0.7756683637880832
1864,9,0.9658880692727534,1.034357252866598
1864,10,NA,1.0297957742784096
1865,1,NA,NA
1865,2,NA,0.6813164425819027
1865,3,0.19577517254011972,0.32650028005326726
1865,4,0.23677772440725212,0.7029137378546167
1865,5,1.191440009489292,1.625013850756798
1865,6,2.697169866759767,1.496015957335687
1865,7,0.6621994053541644,0.8059560029313729
1865,8,0.6194507046803961,0.7756683637880832
1865,9,1.1678680513292699,1.034357252866598
1865,10,NA,1.0297957742784096
1866,1,NA,NA
1866,2,NA,0.6813164425819027
1866,3,0.19690339088439943,0.32650028005326726
1866,4,0.22479979860165633,0.7029137378546167
1866,5,1.0954180504186817,1.625013850756798
1866,6,2.651385777251815,1.496015957335687
1866,7,0.6551124545447717,0.8059560029313729
1866,8,0.6089028291762831,0.7756683637880832
1866,9,1.2296729021485198,1.034357252866598
1866,10,NA,1.0297957742784096
1867,1,NA,NA
1867,2,NA,0.6813164425819027
1867,3,0.19690339088439943,0.32650028005326726
1867,4,0.22509280714404512,0.7029137378546167
1867,5,1.0258484725766353,1.625013850756798
1867,6,2.725712108589419,1.496015957335687
1867,7,0.6036320003033849,0.8059560029313729
1867,8,0.5825194899445107,0.7756683637880832
1867,9,1.1173136293152233,1.034357252866598
1867,10,NA,1.0297957742784096
1870,1,NA,NA
1870,2,NA,0.6813164425819027
1870,3,0.19690339088439943,0.32650028005326726
1870,4,0.22904011854181794,0.7029137378546167
1870,5,1.002022683084206,1.625013850756798
1870,6,2.7518277521736785,1.496015957335687
1870,7,0.6086255265974704,0.8059560029313729
1870,8,0.5756145328341234,0.7756683637880832
1870,9,1.0844906911770733,1.034357252866598
1870,10,NA,1.0297957742784096
1872,1,NA,NA
1872,2,NA,0.6813164425819027
1872,3,0.20187746332241938,0.32650028005326726
1872,4,0.2223456925395373,0.7029137378546167
1872,5,1.0264943633900834,1.625013850756798
1872,6,2.695296749189326,1.496015957335687
1872,7,0.6114192192081254,0.8059560029313729
1872,8,0.5946280018328685,0.7756683637880832
1872,9,1.1425440723713214,1.034357252866598
1872,10,NA,1.0297957742784096
1873,1,NA,NA
1873,2,NA,0.6813164425819027
1873,3,0.2116974773151534,0.32650028005326726
1873,4,0.22173779378528832,0.7029137378546167
1873,5,1.0642349733712098,1.625013850756798
1873,6,2.641329589344206,1.496015957335687
1873,7,0.6507379414627343,0.8059560029313729
1873,8,0.6033164122875562,0.7756683637880832
1873,9,1.2415153174837934,1.034357252866598
1873,10,NA,1.0297957742784096
1875,1,NA,NA
1875,2,NA,0.6813164425819027
1875,3,0.23497480043658503,0.32650028005326726
1875,4,0.23700921789392657,0.7029137378546167
1875,5,1.1662310416937287,1.625013850756798
1875,6,2.585157047565239,1.496015957335687
1875,7,0.7342568699885716,0.8059560029313729
1875,8,0.6243937241820108,0.7756683637880832
1875,9,1.245557475067703,1.034357252866598
1875,10,NA,1.0297957742784096
1882,1,NA,NA
1882,2,NA,0.6813164425819027
1882,3,NA,0.32650028005326726
1882,4,0.25025922953669716,0.7029137378546167
1882,5,1.0758303642036957,1.625013850756798
1882,6,2.3324670591435805,1.496015957335687
1882,7,0.6391932221484327,0.8059560029313729
1882,8,0.5986291110866961,0.7756683637880832
1882,9,1.0624571028614673,1.034357252866598
1882,10,NA,1.0297957742784096
1889,1,NA,NA
1889,2,NA,0.6813164425819027
1889,3,NA,0.32650028005326726
1889,4,0.19976487104819776,0.7029137378546167
1889,5,1.2862073286313003,1.625013850756798
1889,6,1.9603902183710207,1.496015957335687
1889,7,0.8500157532592615,0.8059560029313729
1889,8,0.581103867954678,0.7756683637880832
1889,9,1.184912500007183,1.034357252866598
1889,10,NA,1.0297957742784096
1897,1,NA,NA
1897,2,NA,0.6813164425819027
1897,3,0.23966846603059,0.32650028005326726
1897,4,0.25841284932344205,0.7029137378546167
1897,5,1.2449362321786304,1.625013850756798
1897,6,2.9236241711255095,1.496015957335687
1897,7,0.5637987209442954,0.8059560029313729
1897,8,0.5773577471946539,0.7756683637880832
1897,9,0.9818494479741264,1.034357252866598
1897,10,NA,1.0297957742784096
1898,1,NA,NA
1898,2,NA,0.6813164425819027
1898,3,0.2527729562100242,0.32650028005326726
1898,4,0.2534827209572803,0.7029137378546167
1898,5,1.2485832397781933,1.625013850756798
1898,6,2.70301470801095,1.496015957335687
1898,7,0.6623540763929486,0.8059560029313729
1898,8,0.6119979710604168,0.7756683637880832
1898,9,1.1735718222711817,1.034357252866598
1898,10,NA,1.0297957742784096
1948,1,NA,NA
1948,2,NA,0.6813164425819027
1948,3,NA,0.32650028005326726
1948,4,0.24501903773399822,0.7029137378546167
1948,5,1.3968191522897058,1.625013850756798
1948,6,1.801456315698151,1.496015957335687
1948,7,0.7162186229282074,0.8059560029313729
1948,8,0.6411457042881705,0.7756683637880832
1948,9,1.0164788916320553,1.034357252866598
1948,10,NA,1.0297957742784096
1958,1,NA,NA
1958,2,NA,0.6813164425819027
1958,3,NA,0.32650028005326726
1958,4,0.2633554934642162,0.7029137378546167
1958,5,1.2614218644874613,1.625013850756798
1958,6,2.0761517696502882,1.496015957335687
1958,7,0.673006383856677,0.8059560029313729
1958,8,0.6014113381289053,0.7756683637880832
1958,9,0.9801608714391086,1.034357252866598
1958,10,NA,1.0297957742784096
1971,1,NA,NA
1971,2,NA,0.6813164425819027
1971,3,NA,0.32650028005326726
1971,4,0.22623929342156962,0.7029137378546167
1971,5,1.0874649261244043,1.625013850756798
1971,6,2.29215078560959,1.496015957335687
1971,7,0.6407162163197648,0.8059560029313729
1971,8,0.5901086754905872,0.7756683637880832
1971,9,1.1074617421291133,1.034357252866598
1971,10,NA,1.0297957742784096
1972,1,NA,NA
1972,2,NA,0.6813164425819027
1972,3,NA,0.32650028005326726
1972,4,0.24019606092029758,0.7029137378546167
1972,5,2.0950044269234405,1.625013850756798
1972,6,1.1384744650626246,1.496015957335687
1972,7,1.1387761111917167,0.8059560029313729
1972,8,0.6007570287545854,0.7756683637880832
1972,9,0.6409502087156338,1.034357252866598
1972,10,NA,1.0297957742784096
1981,1,NA,NA
1981,2,NA,0.6813164425819027
1981,3,NA,0.32650028005326726
1981,4,0.21235341768261976,0.7029137378546167
1981,5,1.6794731982152906,1.625013850756798
1981,6,1.733548281175313,1.496015957335687
1981,7,0.9394142938565604,0.8059560029313729
1981,8,0.5899327351634279,0.7756683637880832
1981,9,0.6879511305815194,1.034357252866598
1981,10,NA,1.0297957742784096
1987,1,NA,NA
1987,2,NA,0.6813164425819027
1987,3,NA,0.32650028005326726
1987,4,0.6972292965418467,0.7029137378546167
1987,5,1.9318859881389512,1.625013850756798
1987,6,0.8207284094062286,1.496015957335687
1987,7,0.46136911101474676,0.8059560029313729
1987,8,0.770997836401588,0.7756683637880832
1987,9,1.7022893760538051,1.034357252866598
1987,10,NA,1.0297957742784096
1988,1,NA,NA
1988,2,NA,0.6813164425819027
1988,3,NA,0.32650028005326726
1988,4,0.5551679320283492,0.7029137378546167
1988,5,1.7961939854207247,1.625013850756798
1988,6,0.8771103256211604,1.496015957335687
1988,7,0.4615029406038405,0.8059560029313729
1988,8,0.8853926111675212,0.7756683637880832
1988,9,1.7320872932732951,1.034357252866598
1988,10,NA,1.0297957742784096
1989,1,NA,NA
1989,2,NA,0.6813164425819027
1989,3,NA,0.32650028005326726
1989,4,0.44244969767255055,0.7029137378546167
1989,5,1.762190471076164,1.625013850756798
1989,6,0.9192703314327746,1.496015957335687
1989,7,0.4630164141802825,0.8059560029313729
1989,8,0.8551418034034686,0.7756683637880832
1989,9,1.782026605409944,1.034357252866598
1989,10,NA,1.0297957742784096
1992,1,NA,NA
1992,2,NA,0.6813164425819027
1992,3,NA,0.32650028005326726
1992,4,0.8295620864232045,0.7029137378546167
1992,5,2.110063998978965,1.625013850756798
1992,6,0.6933411320373243,1.496015957335687
1992,7,0.38552384979629345,0.8059560029313729
1992,8,0.737490414941715,0.7756683637880832
1992,9,1.3233923571040997,1.034357252866598
1992,10,NA,1.0297957742784096
1993,1,NA,NA
1993,2,NA,0.6813164425819027
1993,3,NA,0.32650028005326726
1993,4,0.6203287995654769,0.7029137378546167
1993,5,1.92480773609635,1.625013850756798
1993,6,0.8042203137576901,1.496015957335687
1993,7,0.44827094358025177,0.8059560029313729
1993,8,0.6563990824193839,0.7756683637880832
1993,9,1.243028542225356,1.034357252866598
1993,10,NA,1.0297957742784096
1994,1,NA,NA
1994,2,NA,0.6813164425819027
1994,3,NA,0.32650028005326726
1994,4,0.4947162396588436,0.7029137378546167
1994,5,1.8245964816770008,1.625013850756798
1994,6,0.7764013502992788,1.496015957335687
1994,7,0.3945556949241769,0.8059560029313729
1994,8,0.75007203920932,0.7756683637880832
1994,9,1.3024278492616166,1.034357252866598
1994,10,NA,1.0297957742784096
1997,1,NA,NA
1997,2,NA,0.6813164425819027
1997,3,NA,0.32650028005326726
1997,4,NA,0.7029137378546167
1997,5,2.3448054122968793,1.625013850756798
1997,6,0.7100409958570226,1.496015957335687
1997,7,0.4290380868234689,0.8059560029313729
1997,8,0.647433514732466,0.7756683637880832
1997,9,1.2395122338552027,1.034357252866598
1997,10,NA,1.0297957742784096
2002,1,NA,NA
2002,2,NA,0.6813164425819027
2002,3,NA,0.32650028005326726
2002,4,0.3828306727346063,0.7029137378546167
2002,5,1.9474711957013036,1.625013850756798
2002,6,1.2396248037871445,1.496015957335687
2002,7,0.5792344895814429,0.8059560029313729
2002,8,0.673229806192114,0.7756683637880832
2002,9,0.8183626978238321,1.034357252866598
2002,10,NA,1.0297957742784096
2003,1,NA,NA
2003,2,NA,0.6813164425819027
2003,3,NA,0.32650028005326726
2003,4,NA,0.7029137378546167
2003,5,2.5074854318437905,1.625013850756798
2003,6,0.6519896072460891,1.496015957335687
2003,7,0.3924166958848512,0.8059560029313729
2003,8,0.7076134310707075,0.7756683637880832
2003,9,1.2990409765787274,1.034357252866598
2003,10,NA,1.0297957742784096
2008,1,NA,NA
2008,2,NA,0.6813164425819027
2008,3,NA,0.32650028005326726
2008,4,0.6093907037196997,0.7029137378546167
2008,5,2.3564856399486707,1.625013850756798
2008,6,1.0159467615473081,1.496015957335687
2008,7,1.2237470008001674,0.8059560029313729
2008,8,0.5926786478443857,0.7756683637880832
2008,9,0.5481761492507358,1.034357252866598
2008,10,NA,1.0297957742784096
2010,1,NA,NA
2010,2,NA,0.6813164425819027
2010,3,NA,0.32650028005326726
2010,4,0.4665884807658144,0.7029137378546167
2010,5,1.949279206689824,1.625013850756798
2010,6,1.2079120194221145,1.496015957335687
2010,7,0.43291755816543914,0.8059560029313729
2010,8,0.7328378263431327,0.7756683637880832
2010,9,1.355940248152352,1.034357252866598
2010,10,NA,1.0297957742784096
2011,1,NA,NA
2011,2,NA,0.6813164425819027
2011,3,NA,0.32650028005326726
2011,4,0.31148993652635093,0.7029137378546167
2011,5,1.9389598952325362,1.625013850756798
2011,6,1.214089699979848,1.496015957335687
2011,7,0.5764634055680916,0.8059560029313729
2011,8,0.6940603673553927,0.7756683637880832
2011,9,0.7746167362544598,1.034357252866598
2011,10,NA,1.0297957742784096
2013,1,NA,NA
2013,2,NA,0.6813164425819027
2013,3,NA,0.32650028005326726
2013,4,NA,0.7029137378546167
2013,5,1.9381927098109535,1.625013850756798
2013,6,1.092839708723425,1.496015957335687
2013,7,0.7344245530066398,0.8059560029313729
2013,8,0.6940963252856021,0.7756683637880832
2013,9,0.6899242032457281,1.034357252866598
2013,10,NA,1.0297957742784096
2015,1,NA,NA
2015,2,NA,0.6813164425819027
2015,3,NA,0.32650028005326726
2015,4,0.5661538645198837,0.7029137378546167
2015,5,2.2543541653979595,1.625013850756798
2015,6,1.194854458513714,1.496015957335687
2015,7,0.6016189932705618,0.8059560029313729
2015,8,0.7033532012386171,0.7756683637880832
2015,9,0.7651373280835114,1.034357252866598
2015,10,NA,1.0297957742784096
2018,1,NA,NA
2018,2,NA,0.6813164425819027
2018,3,NA,0.32650028005326726
2018,4,0.43960997872425756,0.7029137378546167
2018,5,1.9768544585465877,1.625013850756798
2018,6,1.2843859379068847,1.496015957335687
2018,7,0.5802071995650355,0.8059560029313729
2018,8,0.6740986498207161,0.7756683637880832
2018,9,0.8232835170993318,1.034357252866598
2018,10,NA,1.0297957742784096
2019,1,NA,NA
2019,2,NA,0.6813164425819027
2019,3,NA,0.32650028005326726
2019,4,0.25057435710249204,0.7029137378546167
2019,5,1.943397296870862,1.625013850756798
2019,6,1.1990130146978764,1.496015957335687
2019,7,0.5806802681589549,0.8059560029313729
2019,8,0.7325172456982616,0.7756683637880832
2019,9,0.7646737706764726,1.034357252866598
2019,10,NA,1.0297957742784096
2020,1,NA,NA
2020,2,NA,0.6813164425819027
2020,3,NA,0.32650028005326726
2020,4,NA,0.7029137378546167
2020,5,2.075551152300949,1.625013850756798
2020,6,1.0907049710257355,1.496015957335687
2020,7,0.5993459900575024,0.8059560029313729
2020,8,0.7218411739050576,0.7756683637880832
2020,9,0.7270918901102208,1.034357252866598
2020,10,NA,1.0297957742784096
2021,1,NA,NA
2021,2,NA,0.6813164425819027
2021,3,NA,0.32650028005326726
2021,4,NA,0.7029137378546167
2021,5,2.1662980441677053,1.625013850756798
2021,6,1.0670274622798608,1.496015957335687
2021,7,0.5989911723996233,0.8059560029313729
2021,8,0.6966838991659712,0.7756683637880832
2021,9,0.7460539707531082,1.034357252866598
2021,10,NA,1.0297957742784096
2027,1,NA,NA
2027,2,NA,0.6813164425819027
2027,3,NA,0.32650028005326726
2027,4,0.464290798265777,0.7029137378546167
2027,5,1.9260123228097892,1.625013850756798
2027,6,1.113825591868243,1.496015957335687
2027,7,0.7332658952112356,0.8059560029313729
2027,8,0.6688093341102725,0.7756683637880832
2027,9,0.7303089427420284,1.034357252866598
2027,10,NA,1.0297957742784096
2032,1,NA,NA
2032,2,NA,0.6813164425819027
2032,3,NA,0.32650028005326726
2032,4,NA,0.7029137378546167
2032,5,2.5644726722978697,1.625013850756798
2032,6,0.7433721364443558,1.496015957335687
2032,7,0.5000062315157672,0.8059560029313729
2032,8,0.9108551350042927,0.7756683637880832
2032,9,1.39738276073787,1.034357252866598
2032,10,NA,1.0297957742784096
2033,1,NA,NA
2033,2,NA,0.6813164425819027
2033,3,NA,0.32650028005326726
2033,4,0.5854869124769371,0.7029137378546167
2033,5,2.250918467908426,1.625013850756798
2033,6,1.179216576074537,1.496015957335687
2033,7,0.6023963794143444,0.8059560029313729
2033,8,0.6941273162762324,0.7756683637880832
2033,9,0.7655766621295039,1.034357252866598
2033,10,NA,1.0297957742784096
2041,1,NA,NA
2041,2,NA,0.6813164425819027
2041,3,NA,0.32650028005326726
2041,4,NA,0.7029137378546167
2041,5,2.1647384781675303,1.625013850756798
2041,6,1.0453367097775663,1.496015957335687
2041,7,0.6157610560567669,0.8059560029313729
2041,8,0.7304058136667153,0.7756683637880832
2041,9,0.7182216241052657,1.034357252866598
2041,10,NA,1.0297957742784096
2043,1,NA,NA
2043,2,NA,0.6813164425819027
2043,3,NA,0.32650028005326726
2043,4,NA,0.7029137378546167
2043,5,2.6260226095497923,1.625013850756798
2043,6,0.6662088667035551,1.496015957335687
2043,7,0.44159052795678855,0.8059560029313729
2043,8,0.755030481532572,0.7756683637880832
2043,9,1.694882448972954,1.034357252866598
2043,10,NA,1.0297957742784096
2048,1,NA,NA
2048,2,NA,0.6813164425819027
2048,3,NA,0.32650028005326726
2048,4,0.478887330199359,0.7029137378546167
2048,5,1.9177359658244408,1.625013850756798
2048,6,1.2399529619746739,1.496015957335687
2048,7,0.5811332793506068,0.8059560029313729
2048,8,0.7117114198572586,0.7756683637880832
2048,9,0.7780313065144058,1.034357252866598
2048,10,NA,1.0297957742784096
2052,1,NA,NA
2052,2,NA,0.6813164425819027
2052,3,NA,0.32650028005326726
2052,4,NA,0.7029137378546167
2052,5,2.1510733977116745,1.625013850756798
2052,6,0.9867518200081701,1.496015957335687
2052,7,0.6000688664637004,0.8059560029313729
2052,8,0.6864265406579401,0.7756683637880832
2052,9,0.7394411980374833,1.034357252866598
2052,10,NA,1.0297957742784096
2054,1,NA,NA
2054,2,NA,0.6813164425819027
2054,3,NA,0.32650028005326726
2054,4,NA,0.7029137378546167
2054,5,2.3540363979578016,1.625013850756798
2054,6,0.6572976706907002,1.496015957335687
2054,7,0.443983448322477,0.8059560029313729
2054,8,0.8638186928409858,0.7756683637880832
2054,9,1.677995234166728,1.034357252866598
2054,10,NA,1.0297957742784096
2074,1,NA,NA
2074,2,NA,0.6813164425819027
2074,3,NA,0.32650028005326726
2074,4,NA,0.7029137378546167
2074,5,2.2975567394242074,1.625013850756798
2074,6,0.611585833647351,1.496015957335687
2074,7,0.43160834617197175,0.8059560029313729
2074,8,0.8188194266289942,0.7756683637880832
2074,9,1.7499211769296517,1.034357252866598
2074,10,NA,1.0297957742784096
2084,1,NA,NA
2084,2,NA,0.6813164425819027
2084,3,NA,0.32650028005326726
2084,4,NA,0.7029137378546167
2084,5,2.0054296601214765,1.625013850756798
2084,6,0.904365545620131,1.496015957335687
2084,7,0.628457766186486,0.8059560029313729
2084,8,0.6957898878548964,0.7756683637880832
2084,9,0.721091603834797,1.034357252866598
2084,10,NA,1.0297957742784096
2131,1,NA,NA
2131,2,NA,0.6813164425819027
2131,3,NA,0.32650028005326726
2131,4,0.4981060920842412,0.7029137378546167
2131,5,2.1531401716274328,1.625013850756798
2131,6,1.0759026782254915,1.496015957335687
2131,7,1.2230829874959328,0.8059560029313729
2131,8,0.590588909175307,0.7756683637880832
2131,9,0.4784340718256429,1.034357252866598
2131,10,NA,1.0297957742784096
2141,1,NA,NA
2141,2,NA,0.6813164425819027
2141,3,NA,0.32650028005326726
2141,4,0.3921463933131359,0.7029137378546167
2141,5,2.0652067699996604,1.625013850756798
2141,6,1.1540645939104097,1.496015957335687
2141,7,1.151697603085183,0.8059560029313729
2141,8,0.565562975705549,0.7756683637880832
2141,9,0.41654016071318256,1.034357252866598
2141,10,NA,1.0297957742784096
2181,1,NA,NA
2181,2,NA,0.6813164425819027
2181,3,NA,0.32650028005326726
2181,4,0.3183182179927826,0.7029137378546167
2181,5,2.069450424362104,1.625013850756798
2181,6,1.2105747120599009,1.496015957335687
2181,7,1.1925416744556747,0.8059560029313729
2181,8,0.569852034065053,0.7756683637880832
2181,9,0.4129720199719818,1.034357252866598
2181,10,NA,1.0297957742784096
2182,1,NA,NA
2182,2,NA,0.6813164425819027
2182,3,NA,0.32650028005326726
2182,4,NA,0.7029137378546167
2182,5,1.999941725718026,1.625013850756798
2182,6,1.139817502813861,1.496015957335687
2182,7,0.6559437012993822,0.8059560029313729
2182,8,0.7231850676491576,0.7756683637880832
2182,9,0.5556141695699351,1.034357252866598
2182,10,NA,1.0297957742784096
2195,1,NA,NA
2195,2,NA,0.6813164425819027
2195,3,NA,0.32650028005326726
2195,4,NA,0.7029137378546167
2195,5,1.9291040419594072,1.625013850756798
2195,6,1.0402995911668929,1.496015957335687
2195,7,0.7467283941327761,0.8059560029313729
2195,8,0.7244989527558181,0.7756683637880832
2195,9,0.5752991111008786,1.034357252866598
2195,10,NA,1.0297957742784096
2319,1,NA,NA
2319,2,NA,0.6813164425819027
2319,3,NA,0.32650028005326726
2319,4,NA,0.7029137378546167
2319,5,1.7197192219776498,1.625013850756798
2319,6,0.8798437305963395,1.496015957335687
2319,7,0.6628389404242341,0.8059560029313729
2319,8,0.6962589684554509,0.7756683637880832
2319,9,0.7064949427160659,1.034357252866598
2319,10,NA,1.0297957742784096
2323,1,NA,NA
2323,2,NA,0.6813164425819027
2323,3,NA,0.32650028005326726
2323,4,NA,0.7029137378546167
2323,5,1.243130977337177,1.625013850756798
2323,6,0.5811175259083328,1.496015957335687
2323,7,0.45181901321271667,0.8059560029313729
2323,8,0.7031231455453862,0.7756683637880832
2323,9,1.1308791978018624,1.034357252866598
2323,10,NA,1.0297957742784096
2343,1,NA,NA
2343,2,NA,0.6813164425819027
2343,3,NA,0.32650028005326726
2343,4,NA,0.7029137378546167
2343,5,1.7902898012378483,1.625013850756798
2343,6,0.9171682213338489,1.496015957335687
2343,7,0.7037319233692106,0.8059560029313729
2343,8,0.7465540245175362,0.7756683637880832
2343,9,0.6503614933025547,1.034357252866598
2343,10,NA,1.0297957742784096
2365,1,NA,NA
2365,2,NA,0.6813164425819027
2365,3,NA,0.32650028005326726
2365,4,NA,0.7029137378546167
2365,5,1.9991196403289735,1.625013850756798
2365,6,1.0832091092762322,1.496015957335687
2365,7,0.6413118708401154,0.8059560029313729
2365,8,0.7199853985946998,0.7756683637880832
2365,9,0.5521459881997397,1.034357252866598
2365,10,NA,1.0297957742784096
2388,1,NA,NA
2388,2,NA,0.6813164425819027
2388,3,NA,0.32650028005326726
2388,4,NA,0.7029137378546167
2388,5,2.0081484735489186,1.625013850756798
2388,6,1.0362272453882422,1.496015957335687
2388,7,1.0535194177359821,0.8059560029313729
2388,8,0.7238181945434801,0.7756683637880832
2388,9,0.5308865124352591,1.034357252866598
2388,10,NA,1.0297957742784096
2389,1,NA,NA
2389,2,NA,0.6813164425819027
2389,3,NA,0.32650028005326726
2389,4,NA,0.7029137378546167
2389,5,1.9382866425268468,1.625013850756798
2389,6,1.0308996445777123,1.496015957335687
2389,7,0.7717349518294612,0.8059560029313729
2389,8,0.7710444279200666,0.7756683637880832
2389,9,0.580427745233226,1.034357252866598
2389,10,NA,1.0297957742784096
2411,1,NA,NA
2411,2,NA,0.6813164425819027
2411,3,NA,0.32650028005326726
2411,4,NA,0.7029137378546167
2411,5,2.0062347829871165,1.625013850756798
2411,6,1.0788272982757343,1.496015957335687
2411,7,0.6560047000129788,0.8059560029313729
2411,8,0.7356342936835586,0.7756683637880832
2411,9,0.5558597610380308,1.034357252866598
2411,10,NA,1.0297957742784096
2434,1,NA,NA
2434,2,NA,0.6813164425819027
2434,3,NA,0.32650028005326726
2434,4,NA,0.7029137378546167
2434,5,2.0212158341034265,1.625013850756798
2434,6,1.061298992608091,1.496015957335687
2434,7,0.6440327667641914,0.8059560029313729
2434,8,0.7464997029157635,0.7756683637880832
2434,9,0.5583876944380227,1.034357252866598
2434,10,NA,1.0297957742784096
2442,1,NA,NA
2442,2,NA,0.6813164425819027
2442,3,NA,0.32650028005326726
2442,4,NA,0.7029137378546167
2442,5,1.8508871472561297,1.625013850756798
2442,6,0.6808261831707143,1.496015957335687
2442,7,0.6768535846242538,0.8059560029313729
2442,8,0.6473007680948314,0.7756683637880832
2442,9,0.6196617166570392,1.034357252866598
2442,10,NA,1.0297957742784096
2444,1,NA,NA
2444,2,NA,0.6813164425819027
2444,3,NA,0.32650028005326726
2444,4,NA,0.7029137378546167
2444,5,1.4498475215783933,1.625013850756798
2444,6,0.7003946636668943,1.496015957335687
2444,7,0.6556325669776886,0.8059560029313729
2444,8,0.6170434854442267,0.7756683637880832
2444,9,0.6383705655766638,1.034357252866598
2444,10,NA,1.0297957742784096
2445,1,NA,NA
2445,2,NA,0.6813164425819027
2445,3,NA,0.32650028005326726
2445,4,NA,0.7029137378546167
2445,5,0.9549220084417157,1.625013850756798
2445,6,0.7127291945193176,1.496015957335687
2445,7,0.6274324823075053,0.8059560029313729
2445,8,0.5908935350464217,0.7756683637880832
2445,9,0.6806107506902649,1.034357252866598
2445,10,NA,1.0297957742784096
2446,1,NA,NA
2446,2,NA,0.6813164425819027
2446,3,NA,0.32650028005326726
2446,4,NA,0.7029137378546167
2446,5,NA,1.625013850756798
2446,6,0.6092911791607473,1.496015957335687
2446,7,0.4946425452701047,0.8059560029313729
2446,8,0.6052512820231786,0.7756683637880832
2446,9,0.7696795424140951,1.034357252866598
2446,10,NA,1.0297957742784096
2455,1,NA,NA
2455,2,NA,0.6813164425819027
2455,3,NA,0.32650028005326726
2455,4,NA,0.7029137378546167
2455,5,2.123228127629202,1.625013850756798
2455,6,0.8796746775697234,1.496015957335687
2455,7,1.028412655577427,0.8059560029313729
2455,8,0.7208363186604906,0.7756683637880832
2455,9,0.5203110790095313,1.034357252866598
2455,10,NA,1.0297957742784096
2457,1,NA,NA
2457,2,NA,0.6813164425819027
2457,3,NA,0.32650028005326726
2457,4,NA,0.7029137378546167
2457,5,2.0115151184407334,1.625013850756798
2457,6,1.0539768126419211,1.496015957335687
2457,7,0.6814471574167335,0.8059560029313729
2457,8,0.8145423858672723,0.7756683637880832
2457,9,0.6222279986037927,1.034357252866598
2457,10,NA,1.0297957742784096
2463,1,NA,NA
2463,2,NA,0.6813164425819027
2463,3,NA,0.32650028005326726
2463,4,NA,0.7029137378546167
2463,5,1.6856676293509547,1.625013850756798
2463,6,0.5288507744863435,1.496015957335687
2463,7,0.4521604356605832,0.8059560029313729
2463,8,0.743501408552506,0.7756683637880832
2463,9,0.5518960087016077,1.034357252866598
2463,10,NA,1.0297957742784096
2477,1,NA,NA
2477,2,NA,0.6813164425819027
2477,3,NA,0.32650028005326726
2477,4,NA,0.7029137378546167
2477,5,2.109864574625976,1.625013850756798
2477,6,0.8874645885121217,1.496015957335687
2477,7,0.5522917305797707,0.8059560029313729
2477,8,0.74939726633155,0.7756683637880832
2477,9,0.5573873352904231,1.034357252866598
2477,10,NA,1.0297957742784096
2478,1,NA,NA
2478,2,NA,0.6813164425819027
2478,3,NA,0.32650028005326726
2478,4,NA,0.7029137378546167
2478,5,2.0327082214585506,1.625013850756798
2478,6,0.9216214051194339,1.496015957335687
2478,7,0.7664184388229434,0.8059560029313729
2478,8,0.6728278490213248,0.7756683637880832
2478,9,0.5871883839581188,1.034357252866598
2478,10,NA,1.0297957742784096
2482,1,NA,NA
2482,2,NA,0.6813164425819027
2482,3,NA,0.32650028005326726
2482,4,NA,0.7029137378546167
2482,5,1.8882577191858672,1.625013850756798
2482,6,0.6692573474791214,1.496015957335687
2482,7,0.673743509081277,0.8059560029313729
2482,8,0.6477030370187673,0.7756683637880832
2482,9,0.6004546806048056,1.034357252866598
2482,10,NA,1.0297957742784096
2485,1,NA,NA
2485,2,NA,0.6813164425819027
2485,3,NA,0.32650028005326726
2485,4,NA,0.7029137378546167
2485,5,1.497213494278786,1.625013850756798
2485,6,0.5057558644385565,1.496015957335687
2485,7,0.42430975515368985,0.8059560029313729
2485,8,0.719271275381665,0.7756683637880832
2485,9,0.5412833404021613,1.034357252866598
2485,10,NA,1.0297957742784096
2497,1,NA,NA
2497,2,NA,0.6813164425819027
2497,3,NA,0.32650028005326726
2497,4,NA,0.7029137378546167
2497,5,2.0528291665141096,1.625013850756798
2497,6,0.7797503675479747,1.496015957335687
2497,7,0.4937559375737576,0.8059560029313729
2497,8,0.7247839101025315,0.7756683637880832
2497,9,0.547713960888368,1.034357252866598
2497,10,NA,1.0297957742784096
2504,1,NA,NA
2504,2,NA,0.6813164425819027
2504,3,NA,0.32650028005326726
2504,4,NA,0.7029137378546167
2504,5,1.0951433632771175,1.625013850756798
2504,6,0.5428370837153507,1.496015957335687
2504,7,0.41384589398586297,0.8059560029313729
2504,8,0.7526952406953993,0.7756683637880832
2504,9,0.5559448138613675,1.034357252866598
2504,10,NA,1.0297957742784096
2517,1,NA,NA
2517,2,NA,0.6813164425819027
2517,3,NA,0.32650028005326726
2517,4,NA,0.7029137378546167
2517,5,1.9556085979066244,1.625013850756798
2517,6,0.537543045514721,1.496015957335687
2517,7,0.47445938872619414,0.8059560029313729
2517,8,0.7217141657336622,0.7756683637880832
2517,9,0.5432315172058567,1.034357252866598
2517,10,NA,1.0297957742784096
2551,1,NA,NA
2551,2,NA,0.6813164425819027
2551,3,NA,0.32650028005326726
2551,4,NA,0.7029137378546167
2551,5,0.61822642598833355,1.625013850756798
2551,6,0.5002777688908127,1.496015957335687
2551,7,0.3973687620212634,0.8059560029313729
2551,8,0.7154678351551522,0.7756683637880832
2551,9,0.5455663732323761,1.034357252866598
2551,10,NA,1.0297957742784096
2555,1,NA,NA
2555,2,NA,0.6813164425819027
2555,3,NA,0.32650028005326726
2555,4,NA,0.7029137378546167
2555,5,NA,1.625013850756798
2555,6,NA,1.496015957335687
2555,7,0.502302636240804,0.8059560029313729
2555,8,0.5071622123672265,0.7756683637880832
2555,9,1.185722427806635,1.034357252866598
2555,10,NA,1.0297957742784096
2619,1,NA,NA
2619,2,NA,0.6813164425819027
2619,3,NA,0.32650028005326726
2619,4,NA,0.7029137378546167
2619,5,NA,1.625013850756798
2619,6,0.49554785788059236,1.496015957335687
2619,7,0.48079947642982007,0.8059560029313729
2619,8,0.7227673191448738,0.7756683637880832
2619,9,0.5336768697269546,1.034357252866598
2619,10,NA,1.0297957742784096
2699,1,NA,NA
2699,2,NA,0.6813164425819027
2699,3,NA,0.32650028005326726
2699,4,NA,0.7029137378546167
2699,5,NA,1.625013850756798
2699,6,NA,1.496015957335687
2699,7,1.1426110945495904,0.8059560029313729
2699,8,0.45921767709635886,0.7756683637880832
2699,9,0.96990257030153,1.034357252866598
2699,10,NA,1.0297957742784096
2716,1,NA,NA
2716,2,NA,0.6813164425819027
2716,3,NA,0.32650028005326726
2716,4,NA,0.7029137378546167
2716,5,NA,1.625013850756798
2716,6,0.42920281887054446,1.496015957335687
2716,7,0.3860298983934449,0.8059560029313729
2716,8,0.7172780795120339,0.7756683637880832
2716,9,0.5334116479441677,1.034357252866598
2716,10,NA,1.0297957742784096
2719,1,NA,NA
2719,2,NA,0.6813164425819027
2719,3,NA,0.32650028005326726
2719,4,NA,0.7029137378546167
2719,5,NA,1.625013850756798
2719,6,NA,1.496015957335687
2719,7,1.329732438380068,0.8059560029313729
2719,8,0.9180276542901993,0.7756683637880832
2719,9,0.5785581680438986,1.034357252866598
2719,10,NA,1.0297957742784096
2720,1,NA,NA
2720,2,NA,0.6813164425819027
2720,3,NA,0.32650028005326726
2720,4,NA,0.7029137378546167
2720,5,NA,1.625013850756798
2720,6,NA,1.496015957335687
2720,7,1.3814133655640386,0.8059560029313729
2720,8,0.4756843150305696,0.7756683637880832
2720,9,0.9680198789829045,1.034357252866598
2720,10,NA,1.0297957742784096
2738,1,NA,NA
2738,2,NA,0.6813164425819027
2738,3,NA,0.32650028005326726
2738,4,NA,0.7029137378546167
2738,5,NA,1.625013850756798
2738,6,NA,1.496015957335687
2738,7,0.31911376527711455,0.8059560029313729
2738,8,0.719064368908085,0.7756683637880832
2738,9,0.5384454824764427,1.034357252866598
2738,10,NA,1.0297957742784096
2742,1,NA,NA
2742,2,NA,0.6813164425819027
2742,3,NA,0.32650028005326726
2742,4,NA,0.7029137378546167
2742,5,NA,1.625013850756798
2742,6,NA,1.496015957335687
2742,7,1.3521733921627666,0.8059560029313729
2742,8,0.8633453407708336,0.7756683637880832
2742,9,0.6062973308673103,1.034357252866598
2742,10,NA,1.0297957742784096
2743,1,NA,NA
2743,2,NA,0.6813164425819027
2743,3,NA,0.32650028005326726
2743,4,NA,0.7029137378546167
2743,5,NA,1.625013850756798
2743,6,NA,1.496015957335687
2743,7,1.7424228562498993,0.8059560029313729
2743,8,0.40525762876032834,0.7756683637880832
2743,9,0.9045823877317863,1.034357252866598
2743,10,NA,1.0297957742784096
2749,1,NA,NA
2749,2,NA,0.6813164425819027
2749,3,NA,0.32650028005326726
2749,4,NA,0.7029137378546167
2749,5,NA,1.625013850756798
2749,6,NA,1.496015957335687
2749,7,1.5675988607232356,0.8059560029313729
2749,8,0.5560503417537326,0.7756683637880832
2749,9,0.6377381494959945,1.034357252866598
2749,10,NA,1.0297957742784096
2750,1,NA,NA
2750,2,NA,0.6813164425819027
2750,3,NA,0.32650028005326726
2750,4,NA,0.7029137378546167
2750,5,NA,1.625013850756798
2750,6,NA,1.496015957335687
2750,7,1.5393084669458694,0.8059560029313729
2750,8,0.605700558423996,0.7756683637880832
2750,9,0.5163980317421448,1.034357252866598
2750,10,NA,1.0297957742784096
2761,1,NA,NA
2761,2,NA,0.6813164425819027
2761,3,NA,0.32650028005326726
2761,4,NA,0.7029137378546167
2761,5,NA,1.625013850756798
2761,6,NA,1.496015957335687
2761,7,0.35776091919791314,0.8059560029313729
2761,8,0.7612195370658752,0.7756683637880832
2761,9,0.5689000708912789,1.034357252866598
2761,10,NA,1.0297957742784096
2762,1,NA,NA
2762,2,NA,0.6813164425819027
2762,3,NA,0.32650028005326726
2762,4,NA,0.7029137378546167
2762,5,NA,1.625013850756798
2762,6,NA,1.496015957335687
2762,7,0.3906177697688576,0.8059560029313729
2762,8,0.9269869389205143,0.7756683637880832
2762,9,0.6413849036768079,1.034357252866598
2762,10,NA,1.0297957742784096
2764,1,NA,NA
2764,2,NA,0.6813164425819027
2764,3,NA,0.32650028005326726
2764,4,NA,0.7029137378546167
2764,5,NA,1.625013850756798
2764,6,NA,1.496015957335687
2764,7,1.3240962712853044,0.8059560029313729
2764,8,0.7936813021183013,0.7756683637880832
2764,9,0.5542132768228099,1.034357252866598
2764,10,NA,1.0297957742784096
2765,1,NA,NA
2765,2,NA,0.6813164425819027
2765,3,NA,0.32650028005326726
2765,4,NA,0.7029137378546167
2765,5,NA,1.625013850756798
2765,6,NA,1.496015957335687
2765,7,1.3521733921627666,0.8059560029313729
2765,8,0.6820726792017618,0.7756683637880832
2765,9,0.5673445067123363,1.034357252866598
2765,10,NA,1.0297957742784096
2766,1,NA,NA
2766,2,NA,0.6813164425819027
2766,3,NA,0.32650028005326726
2766,4,NA,0.7029137378546167
2766,5,NA,1.625013850756798
2766,6,NA,1.496015957335687
2766,7,1.3521733921627666,0.8059560029313729
2766,8,0.4203375926448239,0.7756683637880832
2766,9,1.0155131545397316,1.034357252866598
2766,10,NA,1.0297957742784096
2768,1,NA,NA
2768,2,NA,0.6813164425819027
2768,3,NA,0.32650028005326726
2768,4,NA,0.7029137378546167
2768,5,NA,1.625013850756798
2768,6,NA,1.496015957335687
2768,7,1.5821685595672672,0.8059560029313729
2768,8,0.44564601970515705,0.7756683637880832
2768,9,0.9025574987842924,1.034357252866598
2768,10,NA,1.0297957742784096
2770,1,NA,NA
2770,2,NA,0.6813164425819027
2770,3,NA,0.32650028005326726
2770,4,NA,0.7029137378546167
2770,5,NA,1.625013850756798
2770,6,NA,1.496015957335687
2770,7,1.5394480515094031,0.8059560029313729
2770,8,0.5739735142659332,0.7756683637880832
2770,9,0.6018141986274007,1.034357252866598
2770,10,NA,1.0297957742784096
2771,1,NA,NA
2771,2,NA,0.6813164425819027
2771,3,NA,0.32650028005326726
2771,4,NA,0.7029137378546167
2771,5,NA,1.625013850756798
2771,6,NA,1.496015957335687
2771,7,1.5377801766935384,0.8059560029313729
2771,8,0.6516781928109341,0.7756683637880832
2771,9,0.5593888739082549,1.034357252866598
2771,10,NA,1.0297957742784096
2783,1,NA,NA
2783,2,NA,0.6813164425819027
2783,3,NA,0.32650028005326726
2783,4,NA,0.7029137378546167
2783,5,NA,1.625013850756798
2783,6,NA,1.496015957335687
2783,7,0.3443161082409677,0.8059560029313729
2783,8,0.7650717050195314,0.7756683637880832
2783,9,0.5740248690344192,1.034357252866598
2783,10,NA,1.0297957742784096
2786,1,NA,NA
2786,2,NA,0.6813164425819027
2786,3,NA,0.32650028005326726
2786,4,NA,0.7029137378546167
2786,5,NA,1.625013850756798
2786,6,NA,1.496015957335687
2786,7,1.322961111502214,0.8059560029313729
2786,8,0.746505623129574,0.7756683637880832
2786,9,0.5323953821833809,1.034357252866598
2786,10,NA,1.0297957742784096
2787,1,NA,NA
2787,2,NA,0.6813164425819027
2787,3,NA,0.32650028005326726
2787,4,NA,0.7029137378546167
2787,5,NA,1.625013850756798
2787,6,NA,1.496015957335687
2787,7,1.3521733921627666,0.8059560029313729
2787,8,0.7386055929320199,0.7756683637880832
2787,9,0.5700983478888577,1.034357252866598
2787,10,NA,1.0297957742784096
2789,1,NA,NA
2789,2,NA,0.6813164425819027
2789,3,NA,0.32650028005326726
2789,4,NA,0.7029137378546167
2789,5,NA,1.625013850756798
2789,6,NA,1.496015957335687
2789,7,1.362072361238075,0.8059560029313729
2789,8,0.4525738694691306,0.7756683637880832
2789,9,0.9717161338941186,1.034357252866598
2789,10,NA,1.0297957742784096
2790,1,NA,NA
2790,2,NA,0.6813164425819027
2790,3,NA,0.32650028005326726
2790,4,NA,0.7029137378546167
2790,5,NA,1.625013850756798
2790,6,NA,1.496015957335687
2790,7,1.4486098285899105,0.8059560029313729
2790,8,0.5074438504701437,0.7756683637880832
2790,9,0.6851255188893227,1.034357252866598
2790,10,NA,1.0297957742784096
2791,1,NA,NA
2791,2,NA,0.6813164425819027
2791,3,NA,0.32650028005326726
2791,4,NA,0.7029137378546167
2791,5,NA,1.625013850756798
2791,6,NA,1.496015957335687
2791,7,1.4745105683803559,0.8059560029313729
2791,8,0.6185686649246649,0.7756683637880832
2791,9,0.5754950589695831,1.034357252866598
2791,10,NA,1.0297957742784096
2805,1,NA,NA
2805,2,NA,0.6813164425819027
2805,3,NA,0.32650028005326726
2805,4,NA,0.7029137378546167
2805,5,NA,1.625013850756798
2805,6,NA,1.496015957335687
2805,7,0.49160321859213024,0.8059560029313729
2805,8,0.7194917003048437,0.7756683637880832
2805,9,0.5324273905104943,1.034357252866598
2805,10,NA,1.0297957742784096
2807,1,NA,NA
2807,2,NA,0.6813164425819027
2807,3,NA,0.32650028005326726
2807,4,NA,0.7029137378546167
2807,5,NA,1.625013850756798
2807,6,NA,1.496015957335687
2807,7,1.3164344867070517,0.8059560029313729
2807,8,0.7390242363996957,0.7756683637880832
2807,9,0.5273323993847502,1.034357252866598
2807,10,NA,1.0297957742784096
2808,1,NA,NA
2808,2,NA,0.6813164425819027
2808,3,NA,0.32650028005326726
2808,4,NA,0.7029137378546167
2808,5,NA,1.625013850756798
2808,6,NA,1.496015957335687
2808,7,1.3771483046667916,0.8059560029313729
2808,8,0.7332909935673564,0.7756683637880832
2808,9,0.5190909918785717,1.034357252866598
2808,10,NA,1.0297957742784096
2809,1,NA,NA
2809,2,NA,0.6813164425819027
2809,3,NA,0.32650028005326726
2809,4,NA,0.7029137378546167
2809,5,NA,1.625013850756798
2809,6,NA,1.496015957335687
2809,7,1.322961111502214,0.8059560029313729
2809,8,0.7348035557464632,0.7756683637880832
2809,9,0.5151706086773359,1.034357252866598
2809,10,NA,1.0297957742784096
2826,1,NA,NA
2826,2,NA,0.6813164425819027
2826,3,NA,0.32650028005326726
2826,4,NA,0.7029137378546167
2826,5,NA,1.625013850756798
2826,6,NA,1.496015957335687
2826,7,1.6121671521474445,0.8059560029313729
2826,8,0.7185248370944297,0.7756683637880832
2826,9,0.5144449105941963,1.034357252866598
2826,10,NA,1.0297957742784096
2828,1,NA,NA
2828,2,NA,0.6813164425819027
2828,3,NA,0.32650028005326726
2828,4,NA,0.7029137378546167
2828,5,NA,1.625013850756798
2828,6,NA,1.496015957335687
2828,7,1.2719556093215942,0.8059560029313729
2828,8,0.7191035956303704,0.7756683637880832
2828,9,0.5214678184202463,1.034357252866598
2828,10,NA,1.0297957742784096
2831,1,NA,NA
2831,2,NA,0.6813164425819027
2831,3,NA,0.32650028005326726
2831,4,NA,0.7029137378546167
2831,5,NA,1.625013850756798
2831,6,NA,1.496015957335687
2831,7,1.383145879890959,0.8059560029313729
2831,8,0.8055049665206302,0.7756683637880832
2831,9,0.5771750459800439,1.034357252866598
2831,10,NA,1.0297957742784096
2832,1,NA,NA
2832,2,NA,0.6813164425819027
2832,3,NA,0.32650028005326726
2832,4,NA,0.7029137378546167
2832,5,NA,1.625013850756798
2832,6,NA,1.496015957335687
2832,7,1.4102783574432622,0.8059560029313729
2832,8,0.8070281042016815,0.7756683637880832
2832,9,0.5737574591137474,1.034357252866598
2832,10,NA,1.0297957742784096
2864,1,NA,NA
2864,2,NA,0.6813164425819027
2864,3,NA,0.32650028005326726
2864,4,NA,0.7029137378546167
2864,5,NA,1.625013850756798
2864,6,NA,1.496015957335687
2864,7,0.8796276293302837,0.8059560029313729
2864,8,0.7513944273669364,0.7756683637880832
2864,9,0.5525261516713611,1.034357252866598
2864,10,NA,1.0297957742784096
2880,1,NA,NA
2880,2,NA,0.6813164425819027
2880,3,NA,0.32650028005326726
2880,4,NA,0.7029137378546167
2880,5,NA,1.625013850756798
2880,6,NA,1.496015957335687
2880,7,1.218283772468567,0.8059560029313729
2880,8,0.7148557342788114,0.7756683637880832
2880,9,0.5284347395722718,1.034357252866598
2880,10,NA,1.0297957742784096
2935,1,NA,NA
2935,2,NA,0.6813164425819027
2935,3,NA,0.32650028005326726
2935,4,NA,0.7029137378546167
2935,5,NA,1.625013850756798
2935,6,NA,1.496015957335687
2935,7,1.289673337784457,0.8059560029313729
2935,8,0.5926470578770929,0.7756683637880832
2935,9,0.4495366831513716,1.034357252866598
2935,10,NA,1.0297957742784096
2960,1,NA,NA
2960,2,NA,0.6813164425819027
2960,3,NA,0.32650028005326726
2960,4,NA,0.7029137378546167
2960,5,NA,1.625013850756798
2960,6,NA,1.496015957335687
2960,7,1.2371975112938194,0.8059560029313729
2960,8,0.5570933108146374,0.7756683637880832
2960,9,0.4619030107669436,1.034357252866598
2960,10,NA,1.0297957742784096
2983,1,NA,NA
2983,2,NA,0.6813164425819027
2983,3,NA,0.32650028005326726
2983,4,NA,0.7029137378546167
2983,5,NA,1.625013850756798
2983,6,NA,1.496015957335687
2983,7,1.195766966348673,0.8059560029313729
2983,8,0.5467313795670037,0.7756683637880832
2983,9,0.4821554189271266,1.034357252866598
2983,10,NA,1.0297957742784096
3012,1,NA,NA
3012,2,NA,0.6813164425819027
3012,3,NA,0.32650028005326726
3012,4,NA,0.7029137378546167
3012,5,NA,1.625013850756798
3012,6,NA,1.496015957335687
3012,7,1.2170007926436652,0.8059560029313729
3012,8,0.5316197718244521,0.7756683637880832
3012,9,0.4814041057464124,1.034357252866598
3012,10,NA,1.0297957742784096
3018,1,NA,NA
3018,2,NA,0.6813164425819027
3018,3,NA,0.32650028005326726
3018,4,NA,0.7029137378546167
3018,5,NA,1.625013850756798
3018,6,NA,1.496015957335687
3018,7,1.2097798774344408,0.8059560029313729
3018,8,0.5316225365244609,0.7756683637880832
3018,9,0.48228809700894293,1.034357252866598
3018,10,NA,1.0297957742784096
3043,1,NA,NA
3043,2,NA,0.6813164425819027
3043,3,NA,0.32650028005326726
3043,4,NA,0.7029137378546167
3043,5,NA,1.625013850756798
3043,6,NA,1.496015957335687
3043,7,1.2075170832760254,0.8059560029313729
3043,8,0.5164635820241132,0.7756683637880832
3043,9,0.4865323151266852,1.034357252866598
3043,10,NA,1.0297957742784096
3050,1,NA,NA
3050,2,NA,0.6813164425819027
3050,3,NA,0.32650028005326726
3050,4,NA,0.7029137378546167
3050,5,NA,1.625013850756798
3050,6,NA,1.496015957335687
3050,7,1.1787919842488281,0.8059560029313729
3050,8,0.5035913186416632,0.7756683637880832
3050,9,0.4873379177074828,1.034357252866598
3050,10,NA,1.0297957742784096
3064,1,NA,NA
3064,2,NA,0.6813164425819027
3064,3,NA,0.32650028005326726
3064,4,NA,0.7029137378546167
3064,5,NA,1.625013850756798
3064,6,NA,1.496015957335687
3064,7,1.1402656148107508,0.8059560029313729
3064,8,0.4989679014171533,0.7756683637880832
3064,9,0.4912668413732851,1.034357252866598
3064,10,NA,1.0297957742784096
3071,1,NA,NA
3071,2,NA,0.6813164425819027
3071,3,NA,0.32650028005326726
3071,4,NA,0.7029137378546167
3071,5,NA,1.625013850756798
3071,6,NA,1.496015957335687
3071,7,1.2268200985361093,0.8059560029313729
3071,8,0.47241343188293794,0.7756683637880832
3071,9,0.48809848214552654,1.034357252866598
3071,10,NA,1.0297957742784096
3083,1,NA,NA
3083,2,NA,0.6813164425819027
3083,3,NA,0.32650028005326726
3083,4,NA,0.7029137378546167
3083,5,NA,1.625013850756798
3083,6,NA,1.496015957335687
3083,7,1.144657112633205,0.8059560029313729
3083,8,0.44320399655449777,0.7756683637880832
3083,9,0.5015508401506352,1.034357252866598
3083,10,NA,1.0297957742784096
3087,1,NA,NA
3087,2,NA,0.6813164425819027
3087,3,NA,0.32650028005326726
3087,4,NA,0.7029137378546167
3087,5,NA,1.625013850756798
3087,6,NA,1.496015957335687
3087,7,1.0746735461882013,0.8059560029313729
3087,8,0.46634675397050324,0.7756683637880832
3087,9,0.5009798361176373,1.034357252866598
3087,10,NA,1.0297957742784096
3088,1,NA,NA
3088,2,NA,0.6813164425819027
3088,3,NA,0.32650028005326726
3088,4,NA,0.7029137378546167
3088,5,NA,1.625013850756798
3088,6,NA,1.496015957335687
3088,7,1.1698629144343522,0.8059560029313729
3088,8,0.42859415210027624,0.7756683637880832
3088,9,0.49478182380258195,1.034357252866598
3088,10,NA,1.0297957742784096
3092,1,NA,NA
3092,2,NA,0.6813164425819027
3092,3,NA,0.32650028005326726
3092,4,NA,0.7029137378546167
3092,5,NA,1.625013850756798
3092,6,NA,1.496015957335687
3092,7,1.102585111639088,0.8059560029313729
3092,8,0.43735705933085195,0.7756683637880832
3092,9,0.5070552467503368,1.034357252866598
3092,10,NA,1.0297957742784096
3112,1,NA,NA
3112,2,NA,0.6813164425819027
3112,3,NA,0.32650028005326726
3112,4,NA,0.7029137378546167
3112,5,NA,1.625013850756798
3112,6,NA,1.496015957335687
3112,7,1.0990049203083476,0.8059560029313729
3112,8,0.40735717449598563,0.7756683637880832
3112,9,0.4877523697964314,1.034357252866598
3112,10,NA,1.0297957742784096
3116,1,NA,NA
3116,2,NA,0.6813164425819027
3116,3,NA,0.32650028005326726
3116,4,NA,0.7029137378546167
3116,5,NA,1.625013850756798
3116,6,NA,1.496015957335687
3116,7,1.128939996329151,0.8059560029313729
3116,8,0.40263876703937657,0.7756683637880832
3116,9,0.4896906463373372,1.034357252866598
3116,10,NA,1.0297957742784096
3120,1,NA,NA
3120,2,NA,0.6813164425819027
3120,3,NA,0.32650028005326726
3120,4,NA,0.7029137378546167
3120,5,NA,1.625013850756798
3120,6,NA,1.496015957335687
3120,7,1.1913245218399584,0.8059560029313729
3120,8,0.40268440889708834,0.7756683637880832
3120,9,0.47788335844231367,1.034357252866598
3120,10,NA,1.0297957742784096
3126,1,NA,NA
3126,2,NA,0.6813164425819027
3126,3,NA,0.32650028005326726
3126,4,NA,0.7029137378546167
3126,5,NA,1.625013850756798
3126,6,NA,1.496015957335687
3126,7,1.2336599252378668,0.8059560029313729
3126,8,0.4141004066080708,0.7756683637880832
3126,9,0.4706935202464079,1.034357252866598
3126,10,NA,1.0297957742784096
